date,1. open,2. high,3. low,4. close,5. volume
2019-12-04 16:00:00,193.37,193.72,193.37,193.72,179314.0
2019-12-04 15:59:00,193.41,193.44,193.33,193.38,71422.0
2019-12-04 15:58:00,193.34,193.43,193.33,193.42,88871.0
2019-12-04 15:57:00,193.34,193.43,193.23,193.33,113905.0
2019-12-04 15:56:00,193.46,193.55,193.33,193.34,93951.0
2019-12-04 15:55:00,193.51,193.53,193.44,193.45,76449.0
2019-12-04 15:54:00,193.77,193.775,193.5,193.51,66753.0
2019-12-04 15:53:00,193.73,193.78,193.72,193.77,64942.0
2019-12-04 15:52:00,193.8872,193.9,193.72,193.72,52235.0
2019-12-04 15:51:00,193.88,193.95,193.86,193.89,81264.0
2019-12-04 15:50:00,193.6996,193.88,193.69,193.88,53345.0
2019-12-04 15:49:00,193.66,193.74,193.66,193.695,28238.0
2019-12-04 15:48:00,193.83,193.85,193.67,193.67,219777.0
2019-12-04 15:47:00,193.98,193.98,193.85,193.85,31689.0
2019-12-04 15:46:00,193.95,194.02,193.94,193.99,36516.0
2019-12-04 15:45:00,193.88,193.965,193.83,193.95,30392.0
2019-12-04 15:44:00,193.9035,193.92,193.86,193.86,14829.0
2019-12-04 15:43:00,193.9,193.91,193.82,193.91,24706.0
2019-12-04 15:42:00,194.03,194.03,193.91,193.91,25569.0
2019-12-04 15:41:00,193.93,194.02,193.91,194.0171,32057.0
2019-12-04 15:40:00,193.95,193.95,193.8537,193.93,20117.0
2019-12-04 15:39:00,193.83,194.0,193.83,193.94,36316.0
2019-12-04 15:38:00,193.8,193.87,193.7944,193.82,22571.0
2019-12-04 15:37:00,193.88,193.88,193.76,193.8,27933.0
2019-12-04 15:36:00,193.91,193.92,193.84,193.86,20795.0
2019-12-04 15:35:00,193.76,193.92,193.76,193.901,31973.0
2019-12-04 15:34:00,193.82,193.83,193.75,193.76,37534.0
2019-12-04 15:33:00,193.78,193.8399,193.7433,193.81,34771.0
2019-12-04 15:32:00,193.9598,193.9598,193.77,193.78,33334.0
2019-12-04 15:31:00,194.02,194.09,193.96,193.96,45832.0
2019-12-04 15:30:00,194.02,194.065,194.0071,194.02,21884.0
2019-12-04 15:29:00,194.02,194.0373,193.985,194.03,22619.0
2019-12-04 15:28:00,193.98,194.06,193.975,194.02,29679.0
2019-12-04 15:27:00,194.0,194.02,193.92,193.98,31423.0
2019-12-04 15:26:00,194.14,194.15,194.0,194.0002,30681.0
2019-12-04 15:25:00,194.152,194.16,194.0915,194.15,15021.0
2019-12-04 15:24:00,194.1674,194.199,194.07,194.17,18857.0
2019-12-04 15:23:00,194.28,194.28,194.15,194.15,21125.0
2019-12-04 15:22:00,194.29,194.32,194.265,194.265,9659.0
2019-12-04 15:21:00,194.28,194.35,194.25,194.31,19279.0
2019-12-04 15:20:00,194.295,194.32,194.23,194.29,15596.0
2019-12-04 15:19:00,194.28,194.34,194.2601,194.29,18539.0
2019-12-04 15:18:00,194.21,194.27,194.1,194.27,144443.0
2019-12-04 15:17:00,194.26,194.26,194.161,194.21,21643.0
2019-12-04 15:16:00,194.26,194.28,194.2,194.2688,56218.0
2019-12-04 15:15:00,194.37,194.37,194.26,194.26,27018.0
2019-12-04 15:14:00,194.34,194.405,194.32,194.37,22410.0
2019-12-04 15:13:00,194.295,194.35,194.29,194.35,13982.0
2019-12-04 15:12:00,194.3555,194.38,194.296,194.296,13045.0
2019-12-04 15:11:00,194.4,194.4399,194.33,194.37,12197.0
2019-12-04 15:10:00,194.39,194.43,194.32,194.4,20542.0
2019-12-04 15:09:00,194.43,194.435,194.35,194.39,17871.0
2019-12-04 15:08:00,194.57,194.61,194.43,194.44,34297.0
2019-12-04 15:07:00,194.57,194.6,194.5,194.57,11726.0
2019-12-04 15:06:00,194.56,194.6151,194.54,194.57,12348.0
2019-12-04 15:05:00,194.65,194.66,194.556,194.556,12421.0
2019-12-04 15:04:00,194.66,194.67,194.62,194.64,10262.0
2019-12-04 15:03:00,194.69,194.69,194.62,194.67,11589.0
2019-12-04 15:02:00,194.68,194.7,194.62,194.675,13700.0
2019-12-04 15:01:00,194.73,194.73,194.58,194.691,28021.0
2019-12-04 15:00:00,194.85,194.86,194.73,194.73,23626.0
2019-12-04 14:59:00,194.88,194.88,194.79,194.84,18519.0
2019-12-04 14:58:00,194.91,194.93,194.89,194.89,9760.0
2019-12-04 14:57:00,194.9199,194.95,194.89,194.89,6678.0
2019-12-04 14:56:00,194.86,194.935,194.86,194.9196,11289.0
2019-12-04 14:55:00,194.885,194.93,194.86,194.86,11944.0
2019-12-04 14:54:00,194.85,194.9,194.8,194.89,10369.0
2019-12-04 14:53:00,194.9,194.9,194.85,194.85,9487.0
2019-12-04 14:52:00,194.86,194.942,194.86,194.91,16335.0
2019-12-04 14:51:00,194.8,194.86,194.78,194.86,13982.0
2019-12-04 14:50:00,194.84,194.9,194.765,194.79,19158.0
2019-12-04 14:49:00,194.956,194.96,194.84,194.8473,19710.0
2019-12-04 14:48:00,194.79,194.96,194.75,194.95,23050.0
2019-12-04 14:47:00,194.81,194.82,194.76,194.78,9449.0
2019-12-04 14:46:00,194.74,194.81,194.74,194.81,9662.0
2019-12-04 14:45:00,194.83,194.85,194.74,194.75,19416.0
2019-12-04 14:44:00,194.83,194.85,194.78,194.85,17192.0
2019-12-04 14:43:00,194.79,194.8544,194.7667,194.8543,16291.0
2019-12-04 14:42:00,194.82,194.82,194.76,194.79,11675.0
2019-12-04 14:41:00,194.82,194.87,194.8,194.83,11452.0
2019-12-04 14:40:00,194.82,194.86,194.75,194.8,21032.0
2019-12-04 14:39:00,194.79,194.84,194.78,194.8272,15779.0
2019-12-04 14:38:00,194.81,194.84,194.73,194.8,20002.0
2019-12-04 14:37:00,194.84,194.84,194.77,194.7907,14310.0
2019-12-04 14:36:00,194.78,194.89,194.7701,194.8465,20894.0
2019-12-04 14:35:00,194.7147,194.81,194.7147,194.79,21031.0
2019-12-04 14:34:00,194.69,194.72,194.64,194.71,17329.0
2019-12-04 14:33:00,194.6,194.72,194.59,194.7,12627.0
2019-12-04 14:32:00,194.6,194.66,194.58,194.6059,13430.0
2019-12-04 14:31:00,194.635,194.66,194.57,194.584,7325.0
2019-12-04 14:30:00,194.56,194.63,194.53,194.63,14735.0
2019-12-04 14:29:00,194.5473,194.62,194.49,194.53,26102.0
2019-12-04 14:28:00,194.62,194.63,194.5308,194.55,16587.0
2019-12-04 14:27:00,194.62,194.635,194.57,194.62,12442.0
2019-12-04 14:26:00,194.58,194.62,194.52,194.61,15594.0
2019-12-04 14:25:00,194.6136,194.62,194.52,194.56,15822.0
2019-12-04 14:24:00,194.54,194.625,194.5,194.5976,15806.0
2019-12-04 14:23:00,194.4951,194.57,194.485,194.55,34306.0
2019-12-04 14:22:00,194.48,194.5,194.4408,194.48,11643.0
2019-12-04 14:21:00,194.51,194.55,194.48,194.49,17719.0
2019-12-04 14:20:00,194.48,194.52,194.45,194.52,12038.0
2019-12-04 14:19:00,194.43,194.5,194.4201,194.49,23654.0
2019-12-04 14:18:00,194.38,194.449,194.36,194.43,10384.0
2019-12-04 14:17:00,194.37,194.4425,194.35,194.37,17765.0
2019-12-04 14:16:00,194.3999,194.415,194.3568,194.375,13675.0
2019-12-04 14:15:00,194.3133,194.4,194.29,194.39,16002.0
2019-12-04 14:14:00,194.23,194.36,194.23,194.31,16089.0
2019-12-04 14:13:00,194.19,194.25,194.16,194.235,9135.0
2019-12-04 14:12:00,194.16,194.19,194.15,194.17,5487.0
2019-12-04 14:11:00,194.19,194.19,194.12,194.17,14914.0
2019-12-04 14:10:00,194.24,194.24,194.13,194.18,23814.0
2019-12-04 14:09:00,194.27,194.27,194.21,194.24,18068.0
2019-12-04 14:08:00,194.13,194.31,194.08,194.2799,19588.0
2019-12-04 14:07:00,194.08,194.14,194.06,194.11,10173.0
2019-12-04 14:06:00,194.1,194.12,194.03,194.08,18324.0
2019-12-04 14:05:00,194.15,194.15,194.09,194.1067,12751.0
2019-12-04 14:04:00,194.18,194.19,194.14,194.15,14023.0
2019-12-04 14:03:00,194.13,194.2,194.13,194.16,12579.0
2019-12-04 14:02:00,194.1477,194.1937,194.1269,194.1269,12905.0
2019-12-04 14:01:00,194.16,194.2,194.0945,194.15,17428.0
2019-12-04 14:00:00,194.07,194.18,194.07,194.1663,16919.0
2019-12-04 13:59:00,194.03,194.131,194.03,194.08,18513.0
2019-12-04 13:58:00,193.969,194.07,193.969,194.03,19414.0
2019-12-04 13:57:00,193.93,194.01,193.92,193.97,19664.0
2019-12-04 13:56:00,193.9,193.97,193.87,193.9352,11951.0
2019-12-04 13:55:00,194.02,194.02,193.82,193.88,59842.0
2019-12-04 13:54:00,194.07,194.08,194.0,194.03,18602.0
2019-12-04 13:53:00,194.13,194.15,194.05,194.07,8995.0
2019-12-04 13:52:00,194.14,194.19,194.11,194.15,5847.0
2019-12-04 13:51:00,194.23,194.23,194.14,194.15,9224.0
2019-12-04 13:50:00,194.19,194.2733,194.17,194.245,20055.0
2019-12-04 13:49:00,194.199,194.25,194.14,194.21,20005.0
2019-12-04 13:48:00,194.135,194.21,194.12,194.19,6160.0
2019-12-04 13:47:00,194.12,194.2,194.12,194.154,18203.0
2019-12-04 13:46:00,194.13,194.14,194.07,194.11,8275.0
2019-12-04 13:45:00,194.12,194.18,194.1,194.1399,15486.0
2019-12-04 13:44:00,194.08,194.12,194.06,194.1,13184.0
2019-12-04 13:43:00,194.095,194.1,194.04,194.08,15770.0
2019-12-04 13:42:00,194.1937,194.1937,194.09,194.0948,19458.0
2019-12-04 13:41:00,194.21,194.26,194.19,194.19,15772.0
2019-12-04 13:40:00,194.27,194.27,194.18,194.2,12491.0
2019-12-04 13:39:00,194.25,194.275,194.18,194.27,11505.0
2019-12-04 13:38:00,194.3,194.32,194.23,194.25,18315.0
2019-12-04 13:37:00,194.4,194.41,194.19,194.3,21364.0
2019-12-04 13:36:00,194.47,194.48,194.36,194.39,18671.0
2019-12-04 13:35:00,194.51,194.51,194.46,194.47,6657.0
2019-12-04 13:34:00,194.62,194.62,194.5,194.5,6673.0
2019-12-04 13:33:00,194.6519,194.7025,194.595,194.64,16031.0
2019-12-04 13:32:00,194.5,194.7,194.49,194.64,28224.0
2019-12-04 13:31:00,194.52,194.532,194.4355,194.488,14179.0
2019-12-04 13:30:00,194.545,194.63,194.53,194.53,9558.0
2019-12-04 13:29:00,194.5597,194.63,194.51,194.5476,15222.0
2019-12-04 13:28:00,194.55,194.57,194.51,194.5499,12115.0
2019-12-04 13:27:00,194.48,194.58,194.47,194.56,21322.0
2019-12-04 13:26:00,194.51,194.52,194.44,194.4799,15040.0
2019-12-04 13:25:00,194.46,194.53,194.4568,194.51,11244.0
2019-12-04 13:24:00,194.36,194.45,194.36,194.45,12974.0
2019-12-04 13:23:00,194.38,194.385,194.35,194.366,10608.0
2019-12-04 13:22:00,194.33,194.38,194.2394,194.37,24229.0
2019-12-04 13:21:00,194.49,194.49,194.32,194.33,22402.0
2019-12-04 13:20:00,194.5226,194.5709,194.47,194.505,16821.0
2019-12-04 13:19:00,194.35,194.56,194.32,194.55,40719.0
2019-12-04 13:18:00,194.48,194.48,194.32,194.335,30097.0
2019-12-04 13:17:00,194.588,194.64,194.41,194.495,36678.0
2019-12-04 13:16:00,194.62,194.62,194.55,194.59,26541.0
2019-12-04 13:15:00,194.65,194.67,194.62,194.62,8826.0
2019-12-04 13:14:00,194.58,194.66,194.57,194.64,12033.0
2019-12-04 13:13:00,194.72,194.72,194.57,194.5741,16123.0
2019-12-04 13:12:00,194.69,194.745,194.54,194.73,55068.0
2019-12-04 13:11:00,194.9,194.9,194.69,194.7,39944.0
2019-12-04 13:10:00,194.94,194.95,194.9,194.91,12322.0
2019-12-04 13:09:00,194.9402,194.99,194.925,194.9467,10487.0
2019-12-04 13:08:00,194.93,195.0,194.9,194.95,11750.0
2019-12-04 13:07:00,194.9485,194.9485,194.8815,194.91,10089.0
2019-12-04 13:06:00,194.93,195.025,194.93,194.94,18876.0
2019-12-04 13:05:00,194.981,194.981,194.9,194.9084,9815.0
2019-12-04 13:04:00,195.0394,195.0394,194.9464,194.98,8913.0
2019-12-04 13:03:00,194.975,195.055,194.9442,195.05,12131.0
2019-12-04 13:02:00,195.015,195.03,194.94,194.96,10343.0
2019-12-04 13:01:00,195.0,195.07,194.98,195.01,24987.0
2019-12-04 13:00:00,194.95,195.04,194.93,195.0,20149.0
2019-12-04 12:59:00,194.94,194.95,194.88,194.93,33295.0
2019-12-04 12:58:00,194.961,194.99,194.92,194.92,21662.0
2019-12-04 12:57:00,195.03,195.03,194.9,194.97,41147.0
2019-12-04 12:56:00,195.074,195.0819,195.01,195.029,17207.0
2019-12-04 12:55:00,195.07,195.19,195.06,195.1,13097.0
2019-12-04 12:54:00,195.1,195.11,195.02,195.0923,15343.0
2019-12-04 12:53:00,195.01,195.09,195.0001,195.08,21064.0
2019-12-04 12:52:00,195.1,195.11,195.0,195.0,19690.0
2019-12-04 12:51:00,195.04,195.16,195.04,195.09,11915.0
2019-12-04 12:50:00,195.2,195.2,195.06,195.06,20182.0
2019-12-04 12:49:00,195.05,195.22,195.05,195.2,15863.0
2019-12-04 12:48:00,195.005,195.0615,195.0,195.06,37834.0
2019-12-04 12:47:00,195.06,195.071,195.0,195.0,40030.0
2019-12-04 12:46:00,195.11,195.11,195.06,195.07,14725.0
2019-12-04 12:45:00,195.13,195.13,195.09,195.11,9718.0
2019-12-04 12:44:00,195.3,195.3,195.13,195.14,13918.0
2019-12-04 12:43:00,195.27,195.3,195.26,195.29,15746.0
2019-12-04 12:42:00,195.28,195.31,195.24,195.29,13823.0
2019-12-04 12:41:00,195.2832,195.3,195.26,195.2855,6344.0
2019-12-04 12:40:00,195.28,195.3,195.26,195.3,16924.0
2019-12-04 12:39:00,195.3,195.33,195.27,195.3,15524.0
2019-12-04 12:38:00,195.41,195.41,195.31,195.31,6542.0
2019-12-04 12:37:00,195.3245,195.41,195.31,195.41,9421.0
2019-12-04 12:36:00,195.28,195.44,195.28,195.35,13525.0
2019-12-04 12:35:00,195.32,195.32,195.275,195.2888,10174.0
2019-12-04 12:34:00,195.39,195.405,195.31,195.31,7719.0
2019-12-04 12:33:00,195.36,195.38,195.28,195.38,12300.0
2019-12-04 12:32:00,195.28,195.3974,195.28,195.3668,12963.0
2019-12-04 12:31:00,195.3,195.32,195.29,195.29,9584.0
2019-12-04 12:30:00,195.32,195.3597,195.28,195.29,8328.0
2019-12-04 12:29:00,195.32,195.32,195.23,195.31,13903.0
2019-12-04 12:28:00,195.35,195.42,195.31,195.32,10535.0
2019-12-04 12:27:00,195.41,195.43,195.25,195.33,20237.0
2019-12-04 12:26:00,195.33,195.43,195.33,195.41,27383.0
2019-12-04 12:25:00,195.41,195.46,195.3326,195.35,17292.0
2019-12-04 12:24:00,195.57,195.57,195.405,195.42,18957.0
2019-12-04 12:23:00,195.64,195.69,195.58,195.59,9449.0
2019-12-04 12:22:00,195.65,195.65,195.61,195.63,9715.0
2019-12-04 12:21:00,195.65,195.71,195.64,195.65,22190.0
2019-12-04 12:20:00,195.585,195.64,195.57,195.6395,10224.0
2019-12-04 12:19:00,195.58,195.63,195.55,195.59,19912.0
2019-12-04 12:18:00,195.6311,195.6311,195.54,195.59,10509.0
2019-12-04 12:17:00,195.645,195.68,195.48,195.6349,21337.0
2019-12-04 12:16:00,195.69,195.69,195.64,195.65,7936.0
2019-12-04 12:15:00,195.645,195.6999,195.64,195.68,10687.0
2019-12-04 12:14:00,195.635,195.67,195.6,195.66,10946.0
2019-12-04 12:13:00,195.64,195.6527,195.58,195.63,28013.0
2019-12-04 12:12:00,195.63,195.66,195.63,195.645,18261.0
2019-12-04 12:11:00,195.61,195.675,195.59,195.63,23304.0
2019-12-04 12:10:00,195.515,195.62,195.515,195.6,57410.0
2019-12-04 12:05:00,195.29,195.38,195.29,195.38,26566.0
2019-12-04 12:03:00,195.25,195.25,195.1915,195.1915,62389.0
2019-12-04 11:58:00,195.27,195.32,195.27,195.29,20564.0
2019-12-04 11:56:00,195.28,195.32,195.275,195.32,4954.0
2019-12-04 11:55:00,195.27,195.31,195.26,195.275,8446.0
2019-12-04 11:54:00,195.27,195.31,195.26,195.28,11529.0
2019-12-04 11:53:00,195.3,195.32,195.25,195.27,8505.0
2019-12-04 11:52:00,195.37,195.37,195.24,195.305,14207.0
2019-12-04 11:51:00,195.41,195.4126,195.37,195.38,4459.0
2019-12-04 11:50:00,195.35,195.452,195.33,195.43,9893.0
2019-12-04 11:49:00,195.28,195.36,195.2291,195.35,10525.0
2019-12-04 11:48:00,195.38,195.38,195.27,195.29,10820.0
2019-12-04 11:47:00,195.43,195.4478,195.3464,195.38,19869.0
2019-12-04 11:46:00,195.41,195.47,195.38,195.42,11015.0
2019-12-04 11:45:00,195.42,195.43,195.3045,195.3973,19165.0
2019-12-04 11:44:00,195.49,195.5,195.4037,195.4265,13380.0
2019-12-04 11:43:00,195.52,195.54,195.42,195.48,17964.0
2019-12-04 11:42:00,195.54,195.5721,195.4981,195.5163,12201.0
2019-12-04 11:41:00,195.52,195.53,195.445,195.5181,16413.0
2019-12-04 11:40:00,195.54,195.57,195.49,195.5235,11361.0
2019-12-04 11:39:00,195.57,195.6,195.475,195.55,21922.0
2019-12-04 11:38:00,195.6906,195.7,195.57,195.57,16949.0
2019-12-04 11:37:00,195.56,195.7,195.56,195.69,14612.0
2019-12-04 11:36:00,195.555,195.64,195.54,195.5622,15425.0
2019-12-04 11:35:00,195.46,195.59,195.46,195.56,7728.0
2019-12-04 11:34:00,195.42,195.51,195.4132,195.46,9974.0
2019-12-04 11:33:00,195.61,195.62,195.42,195.45,44305.0
2019-12-04 11:32:00,195.605,195.65,195.57,195.61,21765.0
2019-12-04 11:31:00,195.515,195.64,195.515,195.61,15440.0
2019-12-04 11:30:00,195.54,195.54,195.52,195.52,43099.0
2019-12-04 11:28:00,195.54,195.6,195.5,195.56,15695.0
2019-12-04 11:27:00,195.57,195.62,195.48,195.535,12540.0
2019-12-04 11:26:00,195.71,195.71,195.5,195.55,21363.0
2019-12-04 11:25:00,195.68,195.75,195.63,195.72,23898.0
2019-12-04 11:24:00,195.71,195.74,195.61,195.68,14217.0
2019-12-04 11:23:00,195.5,195.7,195.5,195.7,12982.0
2019-12-04 11:22:00,195.52,195.5693,195.47,195.52,14290.0
2019-12-04 11:21:00,195.57,195.67,195.535,195.535,20047.0
2019-12-04 11:20:00,195.6,195.6,195.4901,195.56,15728.0
2019-12-04 11:19:00,195.53,195.62,195.495,195.62,11317.0
2019-12-04 11:18:00,195.52,195.61,195.52,195.55,22452.0
2019-12-04 11:17:00,195.63,195.63,195.45,195.51,29602.0
2019-12-04 11:16:00,195.67,195.8,195.64,195.65,30088.0
2019-12-04 11:15:00,195.54,195.68,195.54,195.6511,32375.0
2019-12-04 11:14:00,195.445,195.54,195.3669,195.54,16798.0
2019-12-04 11:13:00,195.5,195.55,195.4258,195.44,30409.0
2019-12-04 11:12:00,195.38,195.5247,195.35,195.48,29530.0
2019-12-04 11:11:00,195.39,195.43,195.3173,195.38,20310.0
2019-12-04 11:10:00,195.47,195.55,195.395,195.41,27037.0
2019-12-04 11:09:00,195.43,195.51,195.3993,195.47,33766.0
2019-12-04 11:08:00,195.3101,195.49,195.305,195.41,26215.0
2019-12-04 11:07:00,195.31,195.36,195.3,195.32,24112.0
2019-12-04 11:06:00,195.24,195.335,195.23,195.32,21892.0
2019-12-04 11:05:00,195.12,195.24,195.08,195.22,21592.0
2019-12-04 11:04:00,195.05,195.13,195.02,195.12,15447.0
2019-12-04 11:03:00,195.01,195.09,195.0,195.02,53670.0
2019-12-04 11:01:00,195.16,195.22,195.11,195.19,17545.0
2019-12-04 11:00:00,195.0,195.1549,195.0,195.15,31310.0
2019-12-04 10:59:00,195.18,195.19,195.0,195.016,25861.0
2019-12-04 10:58:00,194.9685,195.2278,194.89,195.195,41791.0
2019-12-04 10:57:00,195.12,195.1459,194.96,194.96,35637.0
2019-12-04 10:56:00,195.17,195.27,195.1,195.12,32584.0
2019-12-04 10:55:00,195.19,195.36,195.16,195.16,40153.0
2019-12-04 10:54:00,195.14,195.2,195.05,195.17,18064.0
2019-12-04 10:53:00,195.13,195.23,195.1241,195.16,32608.0
2019-12-04 10:52:00,195.16,195.18,195.08,195.1299,24592.0
2019-12-04 10:51:00,195.25,195.29,195.16,195.164,22429.0
2019-12-04 10:50:00,195.16,195.35,195.16,195.2522,41246.0
2019-12-04 10:49:00,195.39,195.3947,195.15,195.17,47653.0
2019-12-04 10:48:00,195.47,195.5,195.355,195.4,23692.0
2019-12-04 10:47:00,195.48,195.5,195.448,195.46,26420.0
2019-12-04 10:46:00,195.48,195.5,195.41,195.48,37557.0
2019-12-04 10:45:00,195.47,195.55,195.45,195.45,23189.0
2019-12-04 10:44:00,195.5,195.5293,195.421,195.47,8156.0
2019-12-04 10:43:00,195.46,195.47,195.35,195.4596,15008.0
2019-12-04 10:42:00,195.3079,195.57,195.3079,195.49,30654.0
2019-12-04 10:41:00,195.33,195.377,195.2693,195.32,20816.0
2019-12-04 10:40:00,195.42,195.45,195.1619,195.33,46685.0
2019-12-04 10:39:00,195.605,195.605,195.44,195.44,17797.0
2019-12-04 10:38:00,195.62,195.65,195.58,195.61,30390.0
2019-12-04 10:37:00,195.5,195.62,195.46,195.61,19350.0
2019-12-04 10:36:00,195.63,195.65,195.45,195.4901,17098.0
2019-12-04 10:35:00,195.58,195.65,195.57,195.6278,23088.0
2019-12-04 10:34:00,195.7822,195.7822,195.58,195.58,26989.0
2019-12-04 10:33:00,195.635,195.9112,195.635,195.78,43940.0
2019-12-04 10:32:00,195.62,195.7,195.56,195.6274,30856.0
2019-12-04 10:31:00,195.53,195.63,195.44,195.62,13938.0
2019-12-04 10:30:00,195.62,195.66,195.455,195.55,22604.0
2019-12-04 10:29:00,195.56,195.6899,195.56,195.64,27543.0
2019-12-04 10:28:00,195.56,195.6,195.4201,195.55,21990.0
2019-12-04 10:27:00,195.74,195.74,195.5501,195.57,19248.0
2019-12-04 10:26:00,195.67,195.79,195.64,195.75,25645.0
2019-12-04 10:25:00,195.63,195.78,195.53,195.6665,29093.0
2019-12-04 10:24:00,195.42,195.63,195.42,195.62,25286.0
2019-12-04 10:23:00,195.75,195.76,195.3701,195.41,37445.0
2019-12-04 10:22:00,195.67,195.7769,195.67,195.7339,30468.0
2019-12-04 10:21:00,195.4601,195.71,195.4407,195.6799,35020.0
2019-12-04 10:20:00,195.2398,195.4699,195.2,195.4699,56798.0
2019-12-04 10:19:00,195.2662,195.35,195.2,195.2183,36770.0
2019-12-04 10:18:00,195.42,195.44,195.19,195.2723,40946.0
2019-12-04 10:17:00,195.74,195.74,195.41,195.42,46375.0
2019-12-04 10:16:00,195.78,195.8,195.66,195.74,31266.0
2019-12-04 10:15:00,195.97,196.005,195.66,195.7799,76156.0
2019-12-04 10:14:00,196.04,196.1,195.92,195.9614,40771.0
2019-12-04 10:13:00,196.0626,196.11,195.98,196.03,49275.0
2019-12-04 10:12:00,196.25,196.25,196.04,196.05,27915.0
2019-12-04 10:11:00,196.09,196.3009,196.07,196.28,34703.0
2019-12-04 10:10:00,195.97,196.21,195.94,196.09,41411.0
2019-12-04 10:09:00,196.05,196.0661,195.9,195.9786,47849.0
2019-12-04 10:08:00,196.175,196.24,196.02,196.07,40549.0
2019-12-04 10:07:00,196.27,196.34,196.17,196.17,34575.0
2019-12-04 10:06:00,196.14,196.42,196.1,196.29,68250.0
2019-12-04 10:05:00,196.4,196.41,196.11,196.13,31856.0
2019-12-04 10:04:00,196.59,196.66,196.26,196.4,59289.0
2019-12-04 10:03:00,196.26,196.59,196.26,196.59,71848.0
2019-12-04 10:02:00,196.36,196.42,196.14,196.27,40956.0
2019-12-04 10:01:00,196.43,196.52,196.35,196.36,35348.0
2019-12-04 10:00:00,196.18,196.53,196.17,196.46,54262.0
2019-12-04 09:59:00,196.44,196.45,196.16,196.17,45190.0
2019-12-04 09:58:00,196.53,196.58,196.42,196.42,47771.0
2019-12-04 09:57:00,196.35,196.58,196.3,196.5,86665.0
2019-12-04 09:56:00,196.47,196.5,196.35,196.36,44627.0
2019-12-04 09:55:00,196.47,196.58,196.4,196.49,92297.0
2019-12-04 09:54:00,196.13,196.47,196.04,196.47,53724.0
2019-12-04 09:53:00,196.4053,196.4199,196.1,196.1,56190.0
2019-12-04 09:52:00,196.08,196.415,196.05,196.4,58386.0
2019-12-04 09:51:00,196.3,196.3,196.05,196.09,52383.0
2019-12-04 09:50:00,196.2,196.3,196.115,196.3,46292.0
2019-12-04 09:49:00,196.05,196.37,196.04,196.22,105830.0
2019-12-04 09:48:00,195.7,196.08,195.68,196.07,92229.0
2019-12-04 09:47:00,195.63,195.7,195.49,195.65,35663.0
2019-12-04 09:46:00,195.42,195.64,195.29,195.6,67187.0
2019-12-04 09:45:00,195.57,195.57,195.41,195.435,33562.0
2019-12-04 09:44:00,195.47,195.615,195.45,195.56,37876.0
2019-12-04 09:43:00,195.475,195.65,195.39,195.4502,44670.0
2019-12-04 09:42:00,195.66,195.66,195.33,195.48,34878.0
2019-12-04 09:41:00,195.81,195.87,195.5401,195.6,44584.0
2019-12-04 09:40:00,196.1,196.148,195.74,195.78,64558.0
2019-12-04 09:39:00,195.95,196.11,195.84,196.0825,53108.0
2019-12-04 09:38:00,196.11,196.18,195.835,195.9245,73337.0
2019-12-04 09:37:00,195.6279,196.2,195.58,196.11,124935.0
2019-12-04 09:36:00,195.09,195.7,195.08,195.63,77210.0
2019-12-04 09:35:00,194.95,195.21,194.92,195.08,76500.0
2019-12-04 09:34:00,195.13,195.3476,194.9,194.95,85473.0
2019-12-04 09:33:00,195.32,195.65,195.07,195.21,91415.0
2019-12-04 09:32:00,195.8623,195.872,195.2,195.33,101594.0
2019-12-04 09:31:00,195.5338,196.0041,195.3736,195.8538,872394.0
2019-12-03 16:00:00,194.63,194.91,194.29,194.83,374866.0
2019-12-03 15:59:00,194.47,194.63,194.42,194.625,144028.0
2019-12-03 15:58:00,194.185,194.47,194.18,194.46,91260.0
2019-12-03 15:57:00,194.305,194.32,194.165,194.185,76354.0
2019-12-03 15:56:00,194.54,194.54,194.2705,194.3,94249.0
2019-12-03 15:55:00,194.375,194.55,194.375,194.55,61418.0
2019-12-03 15:54:00,194.39,194.44,194.35,194.38,48328.0
2019-12-03 15:53:00,194.32,194.4,194.3,194.3898,36590.0
2019-12-03 15:52:00,194.54,194.55,194.33,194.33,27450.0
2019-12-03 15:51:00,194.5,194.59,194.48,194.53,89108.0
2019-12-03 15:50:00,194.41,194.5,194.32,194.5,38040.0
2019-12-03 15:49:00,194.4744,194.49,194.4,194.41,34303.0
2019-12-03 15:48:00,194.45,194.4927,194.42,194.4723,37551.0
2019-12-03 15:47:00,194.24,194.44,194.23,194.4379,19693.0
2019-12-03 15:46:00,194.25,194.265,194.2,194.23,22454.0
2019-12-03 15:45:00,194.36,194.37,194.24,194.25,31628.0
2019-12-03 15:44:00,194.25,194.39,194.21,194.365,38946.0
2019-12-03 15:43:00,194.295,194.36,194.26,194.26,25810.0
2019-12-03 15:42:00,194.3,194.3,194.2723,194.29,23705.0
2019-12-03 15:41:00,194.28,194.32,194.27,194.295,19799.0
2019-12-03 15:40:00,194.31,194.32,194.24,194.28,26405.0
2019-12-03 15:39:00,194.3,194.37,194.21,194.3,38413.0
2019-12-03 15:38:00,194.34,194.34,194.2727,194.32,24580.0
2019-12-03 15:37:00,194.38,194.3909,194.33,194.33,20491.0
2019-12-03 15:36:00,194.48,194.485,194.38,194.39,25564.0
2019-12-03 15:35:00,194.41,194.47,194.36,194.47,50175.0
2019-12-03 15:34:00,194.34,194.43,194.3335,194.42,23868.0
2019-12-03 15:33:00,194.36,194.4,194.33,194.335,20004.0
2019-12-03 15:32:00,194.37,194.38,194.32,194.36,22956.0
2019-12-03 15:31:00,194.365,194.41,194.31,194.365,28222.0
2019-12-03 15:30:00,194.36,194.38,194.31,194.365,22500.0
2019-12-03 15:29:00,194.33,194.4,194.33,194.35,25001.0
2019-12-03 15:28:00,194.345,194.36,194.27,194.34,20221.0
2019-12-03 15:27:00,194.485,194.5,194.34,194.34,33579.0
2019-12-03 15:26:00,194.5,194.5,194.42,194.485,21745.0
2019-12-03 15:25:00,194.49,194.5,194.475,194.5,26004.0
2019-12-03 15:24:00,194.495,194.5,194.43,194.5,63124.0
2019-12-03 15:23:00,194.48,194.5,194.47,194.4941,42290.0
2019-12-03 15:22:00,194.35,194.5,194.32,194.48,45961.0
2019-12-03 15:21:00,194.22,194.37,194.22,194.35,54413.0
2019-12-03 15:20:00,194.165,194.24,194.16,194.21,25806.0
2019-12-03 15:19:00,194.15,194.19,194.12,194.16,15972.0
2019-12-03 15:18:00,194.15,194.195,194.14,194.15,14880.0
2019-12-03 15:17:00,194.15,194.2,194.12,194.145,24210.0
2019-12-03 15:16:00,194.15,194.19,194.1072,194.145,18021.0
2019-12-03 15:15:00,194.1842,194.19,194.11,194.1565,23267.0
2019-12-03 15:14:00,194.145,194.23,194.145,194.1841,28742.0
2019-12-03 15:13:00,194.05,194.18,194.04,194.15,39968.0
2019-12-03 15:12:00,194.0,194.09,194.0,194.045,24533.0
2019-12-03 15:11:00,193.83,193.99,193.82,193.99,31090.0
2019-12-03 15:10:00,193.935,193.94,193.82,193.8269,23576.0
2019-12-03 15:09:00,193.915,193.99,193.915,193.94,21178.0
2019-12-03 15:08:00,194.02,194.02,193.845,193.92,31359.0
2019-12-03 15:07:00,194.11,194.11,193.9606,194.03,22802.0
2019-12-03 15:06:00,194.18,194.22,194.09,194.1,22264.0
2019-12-03 15:05:00,194.215,194.22,194.15,194.17,16170.0
2019-12-03 15:04:00,194.18,194.24,194.18,194.21,9319.0
2019-12-03 15:03:00,194.255,194.26,194.115,194.18,33364.0
2019-12-03 15:02:00,194.3491,194.37,194.25,194.253,30012.0
2019-12-03 15:01:00,194.31,194.35,194.31,194.35,8873.0
2019-12-03 15:00:00,194.3,194.38,194.3,194.3,13791.0
2019-12-03 14:59:00,194.33,194.342,194.25,194.3,14915.0
2019-12-03 14:58:00,194.36,194.39,194.33,194.3368,16221.0
2019-12-03 14:57:00,194.34,194.39,194.3287,194.365,10486.0
2019-12-03 14:56:00,194.2665,194.375,194.26,194.357,42138.0
2019-12-03 14:55:00,194.2458,194.27,194.22,194.265,11832.0
2019-12-03 14:54:00,194.26,194.32,194.235,194.26,20787.0
2019-12-03 14:53:00,194.24,194.265,194.225,194.265,12206.0
2019-12-03 14:52:00,194.246,194.255,194.22,194.24,9176.0
2019-12-03 14:51:00,194.2,194.25,194.1781,194.25,16623.0
2019-12-03 14:50:00,194.22,194.22,194.15,194.2,19835.0
2019-12-03 14:49:00,194.23,194.25,194.1682,194.22,13299.0
2019-12-03 14:48:00,194.13,194.23,194.13,194.23,14593.0
2019-12-03 14:47:00,194.11,194.1402,194.075,194.1402,13766.0
2019-12-03 14:46:00,194.16,194.21,194.11,194.11,17279.0
2019-12-03 14:45:00,194.2,194.21,194.14,194.15,18664.0
2019-12-03 14:44:00,194.16,194.23,194.15,194.2,38542.0
2019-12-03 14:43:00,194.06,194.2,194.04,194.17,30705.0
2019-12-03 14:42:00,193.9861,194.07,193.98,194.06,16398.0
2019-12-03 14:41:00,193.97,194.07,193.97,193.98,21680.0
2019-12-03 14:40:00,193.98,193.99,193.93,193.975,12965.0
2019-12-03 14:39:00,194.011,194.02,193.95,193.965,11752.0
2019-12-03 14:38:00,193.96,194.0,193.9201,194.0,9401.0
2019-12-03 14:37:00,193.925,193.98,193.925,193.955,10419.0
2019-12-03 14:36:00,194.04,194.0401,193.94,193.94,15996.0
2019-12-03 14:35:00,194.0521,194.06,194.01,194.0491,16763.0
2019-12-03 14:34:00,193.915,194.05,193.915,194.05,19196.0
2019-12-03 14:33:00,193.92,193.935,193.84,193.9178,15593.0
2019-12-03 14:32:00,193.89,193.95,193.875,193.91,13400.0
2019-12-03 14:31:00,193.91,193.95,193.855,193.88,15470.0
2019-12-03 14:30:00,193.94,193.99,193.895,193.92,10988.0
2019-12-03 14:29:00,193.93,193.965,193.9,193.93,10924.0
2019-12-03 14:28:00,193.77,193.96,193.71,193.94,27444.0
2019-12-03 14:27:00,193.74,193.79,193.74,193.765,9867.0
2019-12-03 14:26:00,193.755,193.845,193.72,193.74,17919.0
2019-12-03 14:25:00,193.72,193.7475,193.705,193.7475,8963.0
2019-12-03 14:24:00,193.71,193.81,193.71,193.73,13785.0
2019-12-03 14:23:00,193.74,193.77,193.6878,193.72,12954.0
2019-12-03 14:22:00,193.7202,193.78,193.69,193.75,14688.0
2019-12-03 14:21:00,193.82,193.85,193.62,193.72,27556.0
2019-12-03 14:20:00,193.75,193.82,193.75,193.8053,7679.0
2019-12-03 14:19:00,193.66,193.7548,193.63,193.72,17332.0
2019-12-03 14:18:00,193.83,193.86,193.6501,193.68,41260.0
2019-12-03 14:17:00,193.95,193.96,193.8,193.83,25884.0
2019-12-03 14:16:00,193.995,194.0,193.92,193.95,15472.0
2019-12-03 14:15:00,194.04,194.04,193.98,194.0,13215.0
2019-12-03 14:14:00,194.08,194.08,194.01,194.025,9940.0
2019-12-03 14:13:00,194.0659,194.09,194.04,194.085,12366.0
2019-12-03 14:12:00,194.02,194.065,193.985,194.065,13770.0
2019-12-03 14:11:00,193.8875,194.07,193.8875,194.0087,23177.0
2019-12-03 14:10:00,193.97,193.97,193.89,193.89,12681.0
2019-12-03 14:09:00,193.99,194.05,193.94,193.9852,23657.0
2019-12-03 14:08:00,194.09,194.09,193.85,193.98,35688.0
2019-12-03 14:07:00,194.05,194.14,194.05,194.1,14718.0
2019-12-03 14:06:00,194.03,194.04,193.96,194.03,15634.0
2019-12-03 14:05:00,194.07,194.08,194.0179,194.03,12183.0
2019-12-03 14:04:00,194.08,194.095,194.035,194.08,9154.0
2019-12-03 14:03:00,193.9627,194.08,193.96,194.0785,14254.0
2019-12-03 14:02:00,193.8099,193.97,193.78,193.97,18390.0
2019-12-03 14:01:00,193.8238,193.86,193.75,193.795,21894.0
2019-12-03 14:00:00,193.93,193.93,193.82,193.82,14857.0
2019-12-03 13:59:00,193.91,193.96,193.89,193.93,117002.0
2019-12-03 13:58:00,193.8423,193.9161,193.8377,193.915,13048.0
2019-12-03 13:57:00,193.92,193.9201,193.82,193.84,18798.0
2019-12-03 13:56:00,193.94,193.95,193.92,193.925,7388.0
2019-12-03 13:55:00,193.97,193.97,193.88,193.93,15949.0
2019-12-03 13:54:00,193.815,193.99,193.815,193.96,16253.0
2019-12-03 13:53:00,193.88,193.9,193.76,193.81,21615.0
2019-12-03 13:52:00,193.98,193.98,193.83,193.88,21791.0
2019-12-03 13:51:00,193.99,194.02,193.955,193.975,15304.0
2019-12-03 13:50:00,194.08,194.09,193.96,193.9788,18709.0
2019-12-03 13:49:00,194.19,194.19,194.06,194.08,30069.0
2019-12-03 13:48:00,194.26,194.27,194.19,194.19,12125.0
2019-12-03 13:47:00,194.245,194.28,194.23,194.28,14127.0
2019-12-03 13:46:00,194.245,194.29,194.215,194.235,18356.0
2019-12-03 13:45:00,194.19,194.255,194.19,194.24,13367.0
2019-12-03 13:44:00,194.25,194.26,194.15,194.19,19719.0
2019-12-03 13:43:00,194.415,194.42,194.21,194.24,33508.0
2019-12-03 13:42:00,194.48,194.48,194.4,194.4178,11124.0
2019-12-03 13:41:00,194.49,194.5,194.445,194.48,18676.0
2019-12-03 13:40:00,194.415,194.49,194.415,194.48,13357.0
2019-12-03 13:39:00,194.42,194.46,194.41,194.41,24991.0
2019-12-03 13:38:00,194.44,194.46,194.4,194.42,12664.0
2019-12-03 13:37:00,194.49,194.5,194.38,194.45,62843.0
2019-12-03 13:36:00,194.47,194.485,194.4,194.485,18941.0
2019-12-03 13:35:00,194.455,194.5,194.45,194.47,28744.0
2019-12-03 13:34:00,194.3938,194.4699,194.37,194.46,14564.0
2019-12-03 13:33:00,194.44,194.445,194.355,194.3899,14144.0
2019-12-03 13:32:00,194.47,194.47,194.36,194.442,22184.0
2019-12-03 13:31:00,194.48,194.49,194.44,194.46,18638.0
2019-12-03 13:30:00,194.44,194.5,194.42,194.4719,49445.0
2019-12-03 13:29:00,194.44,194.48,194.42,194.43,22151.0
2019-12-03 13:28:00,194.39,194.43,194.36,194.42,16625.0
2019-12-03 13:27:00,194.37,194.39,194.3148,194.38,13848.0
2019-12-03 13:26:00,194.39,194.41,194.34,194.38,12461.0
2019-12-03 13:25:00,194.3,194.43,194.3,194.38,14343.0
2019-12-03 13:24:00,194.372,194.372,194.25,194.32,21501.0
2019-12-03 13:23:00,194.4,194.41,194.3,194.36,15496.0
2019-12-03 13:22:00,194.45,194.45,194.395,194.4,7799.0
2019-12-03 13:21:00,194.34,194.455,194.3213,194.45,20280.0
2019-12-03 13:20:00,194.315,194.34,194.26,194.3291,13310.0
2019-12-03 13:19:00,194.18,194.35,194.18,194.3,18040.0
2019-12-03 13:18:00,194.22,194.2497,194.13,194.18,20496.0
2019-12-03 13:17:00,194.26,194.26,194.18,194.225,18464.0
2019-12-03 13:16:00,194.27,194.27,194.24,194.27,18859.0
2019-12-03 13:15:00,194.25,194.27,194.22,194.27,10451.0
2019-12-03 13:14:00,194.195,194.27,194.19,194.25,34284.0
2019-12-03 13:13:00,194.15,194.2,194.15,194.2,20714.0
2019-12-03 13:12:00,194.13,194.2,194.09,194.1553,21335.0
2019-12-03 13:11:00,194.08,194.135,194.06,194.13,21136.0
2019-12-03 13:10:00,194.17,194.17,194.09,194.1,13146.0
2019-12-03 13:09:00,194.11,194.18,194.11,194.17,8463.0
2019-12-03 13:08:00,194.08,194.187,194.08,194.11,14832.0
2019-12-03 13:07:00,194.075,194.11,194.01,194.08,11256.0
2019-12-03 13:06:00,194.13,194.13,194.03,194.11,26170.0
2019-12-03 13:05:00,194.14,194.19,194.11,194.1306,11957.0
2019-12-03 13:04:00,194.145,194.17,194.066,194.1499,14519.0
2019-12-03 13:03:00,194.155,194.19,194.105,194.1438,11229.0
2019-12-03 13:02:00,194.19,194.2,194.16,194.16,15907.0
2019-12-03 13:01:00,194.08,194.19,194.01,194.18,25923.0
2019-12-03 13:00:00,193.94,194.1,193.94,194.07,22511.0
2019-12-03 12:59:00,193.99,194.0,193.915,193.9401,29307.0
2019-12-03 12:58:00,194.05,194.0853,194.0,194.0,13310.0
2019-12-03 12:57:00,194.115,194.1205,194.0338,194.045,12005.0
2019-12-03 12:56:00,194.125,194.195,194.125,194.13,28987.0
2019-12-03 12:55:00,194.17,194.1701,194.0834,194.12,13577.0
2019-12-03 12:54:00,194.18,194.2,194.16,194.17,36561.0
2019-12-03 12:53:00,194.19,194.2,194.11,194.18,21356.0
2019-12-03 12:52:00,194.2,194.2,194.1741,194.18,19124.0
2019-12-03 12:51:00,194.11,194.2,194.09,194.195,17019.0
2019-12-03 12:50:00,194.16,194.17,194.1,194.12,22336.0
2019-12-03 12:49:00,193.99,194.17,193.99,194.118,30121.0
2019-12-03 12:48:00,194.07,194.07,193.87,193.99,38136.0
2019-12-03 12:47:00,194.07,194.08,194.055,194.07,31640.0
2019-12-03 12:46:00,194.18,194.2,194.07,194.0799,24976.0
2019-12-03 12:45:00,194.145,194.2,194.14,194.18,15757.0
2019-12-03 12:44:00,194.16,194.2,194.1044,194.145,30530.0
2019-12-03 12:43:00,194.195,194.195,194.1488,194.1626,18944.0
2019-12-03 12:42:00,194.18,194.2,194.12,194.2,15593.0
2019-12-03 12:41:00,194.075,194.19,194.07,194.17,23202.0
2019-12-03 12:40:00,194.02,194.0768,193.96,194.045,11841.0
2019-12-03 12:39:00,193.95,194.07,193.945,194.005,19555.0
2019-12-03 12:38:00,194.04,194.0591,193.94,193.96,12771.0
2019-12-03 12:37:00,194.03,194.0399,193.98,194.0328,17190.0
2019-12-03 12:36:00,193.795,194.0341,193.795,194.0341,27638.0
2019-12-03 12:35:00,193.9397,193.9397,193.78,193.79,21297.0
2019-12-03 12:34:00,193.92,193.98,193.8529,193.9459,30623.0
2019-12-03 12:33:00,194.0,194.0,193.92,193.93,17787.0
2019-12-03 12:32:00,194.05,194.11,193.9862,194.0,23698.0
2019-12-03 12:31:00,194.1,194.11,194.03,194.035,31605.0
2019-12-03 12:30:00,193.935,194.14,193.93,194.113,106991.0
2019-12-03 12:29:00,193.78,193.94,193.78,193.94,25690.0
2019-12-03 12:28:00,193.79,193.8,193.75,193.775,10847.0
2019-12-03 12:27:00,193.8,193.89,193.77,193.8057,24222.0
2019-12-03 12:26:00,193.865,193.865,193.71,193.8,20649.0
2019-12-03 12:25:00,193.9,194.0,193.85,193.85,62363.0
2019-12-03 12:24:00,193.86,193.92,193.83,193.8903,15349.0
2019-12-03 12:23:00,193.7699,193.9,193.75,193.87,19206.0
2019-12-03 12:22:00,193.842,193.842,193.75,193.75,13759.0
2019-12-03 12:21:00,193.71,193.89,193.6632,193.83,24678.0
2019-12-03 12:20:00,193.65,193.83,193.645,193.7,49199.0
2019-12-03 12:19:00,193.6,193.7,193.55,193.65,30951.0
2019-12-03 12:18:00,193.63,193.63,193.58,193.62,25615.0
2019-12-03 12:17:00,193.84,193.9,193.6303,193.65,31754.0
2019-12-03 12:16:00,193.69,193.85,193.68,193.83,52800.0
2019-12-03 12:15:00,193.45,193.68,193.44,193.67,54814.0
2019-12-03 12:14:00,193.39,193.44,193.39,193.43,23855.0
2019-12-03 12:13:00,193.37,193.39,193.35,193.39,14950.0
2019-12-03 12:12:00,193.3475,193.38,193.32,193.38,16888.0
2019-12-03 12:11:00,193.43,193.48,193.3,193.34,32657.0
2019-12-03 12:10:00,193.4,193.46,193.4,193.4168,23067.0
2019-12-03 12:09:00,193.31,193.42,193.28,193.41,22052.0
2019-12-03 12:08:00,193.3336,193.38,193.29,193.3,16734.0
2019-12-03 12:07:00,193.22,193.35,193.22,193.35,16333.0
2019-12-03 12:06:00,193.14,193.22,193.1,193.22,10982.0
2019-12-03 12:05:00,193.14,193.18,193.11,193.1489,10056.0
2019-12-03 12:04:00,193.1,193.2,193.1,193.15,10875.0
2019-12-03 12:03:00,193.26,193.27,193.06,193.09,18587.0
2019-12-03 12:02:00,193.205,193.34,193.205,193.26,17051.0
2019-12-03 12:01:00,193.13,193.25,193.12,193.2054,27582.0
2019-12-03 12:00:00,193.2409,193.25,193.17,193.17,51605.0
2019-12-03 11:58:00,193.16,193.26,193.16,193.25,42086.0
2019-12-03 11:57:00,193.11,193.19,193.09,193.1598,27866.0
2019-12-03 11:56:00,193.08,193.18,193.0501,193.09,17138.0
2019-12-03 11:55:00,193.0,193.0753,192.955,193.06,15436.0
2019-12-03 11:54:00,192.95,193.01,192.9,193.01,21401.0
2019-12-03 11:53:00,193.09,193.09,192.92,192.94,40293.0
2019-12-03 11:52:00,193.15,193.16,193.085,193.1,19718.0
2019-12-03 11:51:00,193.14,193.19,193.1,193.1541,30798.0
2019-12-03 11:50:00,193.1,193.15,193.04,193.13,18791.0
2019-12-03 11:49:00,193.0311,193.17,193.0311,193.0927,22375.0
2019-12-03 11:48:00,193.0,193.1,193.0,193.035,32528.0
2019-12-03 11:47:00,192.92,193.0,192.92,192.99,38546.0
2019-12-03 11:46:00,192.96,193.0,192.9,192.94,11419.0
2019-12-03 11:45:00,192.95,192.97,192.91,192.93,16026.0
2019-12-03 11:44:00,192.8973,192.98,192.87,192.95,16720.0
2019-12-03 11:43:00,192.92,192.97,192.88,192.89,20120.0
2019-12-03 11:42:00,192.93,192.9455,192.8,192.92,23425.0
2019-12-03 11:41:00,193.04,193.04,192.903,192.925,23953.0
2019-12-03 11:40:00,192.97,193.1,192.97,193.04,19747.0
2019-12-03 11:39:00,192.958,193.03,192.94,192.9801,17197.0
2019-12-03 11:38:00,192.72,193.0,192.72,192.97,36168.0
2019-12-03 11:37:00,192.68,192.75,192.67,192.7101,55310.0
2019-12-03 11:35:00,192.73,192.76,192.65,192.725,57594.0
2019-12-03 11:33:00,192.795,192.795,192.795,192.795,40670.0
2019-12-03 11:31:00,192.8,192.82,192.78,192.809,1893.0
2019-12-03 11:30:00,192.91,192.94,192.72,192.79,34515.0
2019-12-03 11:29:00,192.84,192.97,192.82,192.932,15806.0
2019-12-03 11:28:00,193.02,193.03,192.69,192.835,38840.0
2019-12-03 11:27:00,192.98,193.06,192.97,193.01,31464.0
2019-12-03 11:26:00,193.0,193.04,192.87,192.99,24604.0
2019-12-03 11:25:00,193.11,193.13,192.93,192.99,33799.0
2019-12-03 11:24:00,193.13,193.13,192.9601,193.11,23161.0
2019-12-03 11:23:00,193.09,193.1648,193.05,193.12,39257.0
2019-12-03 11:22:00,193.04,193.1302,192.99,193.08,42226.0
2019-12-03 11:21:00,193.0872,193.2748,193.0407,193.0572,38800.0
2019-12-03 11:20:00,193.09,193.13,192.94,193.0395,57035.0
2019-12-03 11:19:00,193.12,193.16,193.05,193.09,16125.0
2019-12-03 11:18:00,193.17,193.18,193.07,193.14,19537.0
2019-12-03 11:17:00,193.09,193.1919,193.065,193.17,19574.0
2019-12-03 11:16:00,193.12,193.15,193.05,193.07,31957.0
2019-12-03 11:15:00,193.1,193.22,193.05,193.1,39659.0
2019-12-03 11:14:00,192.9,193.12,192.85,193.11,41251.0
2019-12-03 11:13:00,192.52,193.01,192.51,192.94,76379.0
2019-12-03 11:12:00,192.48,192.5649,192.325,192.52,37676.0
2019-12-03 11:11:00,192.36,192.51,192.3134,192.47,30710.0
2019-12-03 11:10:00,192.35,192.49,192.27,192.37,24065.0
2019-12-03 11:09:00,192.38,192.4,192.29,192.36,19701.0
2019-12-03 11:08:00,192.33,192.44,192.2,192.4215,41096.0
2019-12-03 11:07:00,192.36,192.36,192.2,192.32,55057.0
2019-12-03 11:06:00,192.45,192.49,192.36,192.36,24235.0
2019-12-03 11:05:00,192.555,192.6,192.42,192.46,28579.0
2019-12-03 11:04:00,192.48,192.5699,192.43,192.5699,36038.0
2019-12-03 11:03:00,192.58,192.6996,192.48,192.485,35185.0
2019-12-03 11:02:00,192.47,192.68,192.47,192.61,28924.0
2019-12-03 11:01:00,192.77,192.85,192.46,192.48,49376.0
2019-12-03 11:00:00,192.78,192.94,192.74,192.77,29285.0
2019-12-03 10:59:00,192.8,192.86,192.74,192.78,23719.0
2019-12-03 10:58:00,192.78,192.81,192.67,192.8,20499.0
2019-12-03 10:57:00,192.92,192.93,192.68,192.78,47897.0
2019-12-03 10:56:00,192.89,193.23,192.87,192.94,65624.0
2019-12-03 10:55:00,192.7759,193.0116,192.73,192.905,47639.0
2019-12-03 10:54:00,192.755,192.81,192.636,192.7799,42120.0
2019-12-03 10:53:00,192.59,192.83,192.57,192.73,40706.0
2019-12-03 10:52:00,192.44,192.61,192.3059,192.61,34092.0
2019-12-03 10:51:00,192.48,192.4901,192.34,192.43,47112.0
2019-12-03 10:50:00,192.7118,192.7324,192.45,192.47,51769.0
2019-12-03 10:49:00,192.95,192.9709,192.64,192.6789,49543.0
2019-12-03 10:48:00,192.915,192.96,192.8291,192.9232,27018.0
2019-12-03 10:47:00,193.025,193.11,192.915,192.9188,49948.0
2019-12-03 10:46:00,193.21,193.29,192.935,193.048,37675.0
2019-12-03 10:45:00,193.09,193.25,193.04,193.2002,47445.0
2019-12-03 10:44:00,192.89,193.11,192.89,193.082,123201.0
2019-12-03 10:43:00,192.78,192.92,192.75,192.88,51346.0
2019-12-03 10:42:00,192.68,192.78,192.63,192.77,38039.0
2019-12-03 10:41:00,192.69,192.74,192.58,192.685,23185.0
2019-12-03 10:40:00,192.635,192.82,192.6,192.72,44654.0
2019-12-03 10:39:00,192.59,192.65,192.48,192.65,25293.0
2019-12-03 10:38:00,192.48,192.614,192.44,192.61,20813.0
2019-12-03 10:37:00,192.7,192.71,192.4291,192.465,61010.0
2019-12-03 10:36:00,192.76,192.8,192.5643,192.67,56508.0
2019-12-03 10:35:00,192.59,192.77,192.57,192.75,53649.0
2019-12-03 10:34:00,192.4601,192.63,192.4601,192.56,34987.0
2019-12-03 10:33:00,192.4631,192.6467,192.4565,192.4631,36725.0
2019-12-03 10:32:00,192.45,192.66,192.38,192.45,49357.0
2019-12-03 10:31:00,192.27,192.5562,192.225,192.5,36526.0
2019-12-03 10:30:00,192.265,192.33,192.12,192.26,50285.0
2019-12-03 10:29:00,192.37,192.38,192.18,192.2762,30331.0
2019-12-03 10:28:00,192.198,192.33,192.09,192.33,44547.0
2019-12-03 10:27:00,192.6115,192.64,192.16,192.18,61143.0
2019-12-03 10:26:00,192.8131,192.8298,192.57,192.62,38533.0
2019-12-03 10:25:00,192.57,192.81,192.51,192.81,43451.0
2019-12-03 10:24:00,192.65,192.665,192.45,192.57,38617.0
2019-12-03 10:23:00,192.675,192.8,192.59,192.67,56717.0
2019-12-03 10:22:00,192.52,192.72,192.465,192.71,38691.0
2019-12-03 10:21:00,192.75,192.7532,192.48,192.53,53024.0
2019-12-03 10:20:00,192.61,192.765,192.61,192.75,35588.0
2019-12-03 10:19:00,192.84,192.85,192.56,192.6,44617.0
2019-12-03 10:18:00,192.57,192.97,192.5,192.82,156833.0
2019-12-03 10:17:00,192.52,192.65,192.4839,192.546,63155.0
2019-12-03 10:16:00,192.35,192.55,192.25,192.5,86887.0
2019-12-03 10:15:00,192.15,192.42,192.12,192.36,55600.0
2019-12-03 10:14:00,192.38,192.43,192.1,192.1376,57890.0
2019-12-03 10:13:00,192.01,192.38,191.97,192.36,57429.0
2019-12-03 10:12:00,191.7973,192.05,191.78,192.02,62941.0
2019-12-03 10:11:00,192.04,192.0601,191.7,191.8,104114.0
2019-12-03 10:10:00,191.92,192.23,191.91,192.04,81544.0
2019-12-03 10:09:00,191.905,191.98,191.87,191.9,59089.0
2019-12-03 10:08:00,191.92,191.98,191.83,191.9,53792.0
2019-12-03 10:07:00,191.55,191.98,191.55,191.89,105586.0
2019-12-03 10:06:00,191.45,191.66,191.4462,191.55,73726.0
2019-12-03 10:05:00,191.44,191.49,191.37,191.441,37341.0
2019-12-03 10:04:00,191.31,191.488,191.22,191.46,65317.0
2019-12-03 10:03:00,191.19,191.38,191.15,191.33,55814.0
2019-12-03 10:02:00,191.115,191.4553,191.095,191.205,75931.0
2019-12-03 10:01:00,191.3688,191.464,191.09,191.1152,84662.0
2019-12-03 10:00:00,191.24,191.41,191.19,191.33,66934.0
2019-12-03 09:59:00,191.09,191.45,190.98,191.25,51535.0
2019-12-03 09:58:00,191.17,191.65,191.1,191.1,101477.0
2019-12-03 09:57:00,190.5,191.17,190.35,191.17,97813.0
2019-12-03 09:56:00,190.5776,190.7826,190.3672,190.5076,98188.0
2019-12-03 09:55:00,190.33,190.85,190.33,190.58,57058.0
2019-12-03 09:54:00,190.23,190.57,190.13,190.359,83195.0
2019-12-03 09:53:00,190.18,190.37,190.1,190.25,90606.0
2019-12-03 09:52:00,190.11,190.4,190.0791,190.16,108337.0
2019-12-03 09:51:00,190.0471,190.3582,190.0279,190.1371,161093.0
2019-12-03 09:50:00,190.2472,190.64,189.96,190.0,197977.0
2019-12-03 09:49:00,190.9,190.92,190.25,190.25,193928.0
2019-12-03 09:48:00,191.0049,191.1602,190.75,190.81,115120.0
2019-12-03 09:47:00,190.9825,191.33,190.9,191.005,168181.0
2019-12-03 09:46:00,191.08,191.26,190.85,190.97,152472.0
2019-12-03 09:45:00,191.5148,191.53,191.0,191.08,108909.0
2019-12-03 09:44:00,191.53,191.805,191.39,191.53,136232.0
2019-12-03 09:43:00,191.4896,191.7079,191.2775,191.5369,110966.0
2019-12-03 09:42:00,191.42,191.58,191.25,191.5102,218421.0
2019-12-03 09:41:00,191.7801,191.8175,191.3,191.39,157179.0
2019-12-03 09:40:00,191.78,192.22,191.78,191.795,140393.0
2019-12-03 09:39:00,191.71,191.91,191.61,191.81,94127.0
2019-12-03 09:38:00,191.78,191.84,191.6,191.7,106658.0
2019-12-03 09:37:00,191.95,192.03,191.7,191.795,117737.0
2019-12-03 09:36:00,191.44,192.1,191.3,191.9,192153.0
2019-12-03 09:35:00,191.03,191.49,191.03,191.44,136440.0
2019-12-03 09:34:00,190.15,191.06,190.02,191.03,195232.0
2019-12-03 09:33:00,190.55,190.96,190.12,190.1541,137403.0
2019-12-03 09:32:00,190.6637,190.9902,190.0294,190.5537,437469.0
2019-12-03 09:31:00,190.97,191.2,190.57,190.645,1341130.0
2019-12-02 16:00:00,196.19,196.41,196.19,196.23,281736.0
2019-12-02 15:59:00,196.085,196.24,196.08,196.19,158008.0
2019-12-02 15:58:00,195.99,196.08,195.92,196.08,102422.0
2019-12-02 15:57:00,196.04,196.06,195.95,195.99,80408.0
2019-12-02 15:56:00,195.89,196.1,195.89,196.05,92707.0
2019-12-02 15:55:00,196.03,196.13,195.8672,195.9,74812.0
2019-12-02 15:54:00,196.06,196.115,195.99,196.02,59694.0
2019-12-02 15:53:00,196.18,196.19,196.06,196.06,49876.0
2019-12-02 15:52:00,196.15,196.2,196.07,196.1844,60064.0
2019-12-02 15:51:00,196.13,196.22,196.0,196.16,97222.0
2019-12-02 15:50:00,196.17,196.17,196.1,196.11,41786.0
2019-12-02 15:49:00,196.27,196.27,196.13,196.16,47708.0
2019-12-02 15:48:00,196.33,196.38,196.27,196.27,55590.0
2019-12-02 15:47:00,196.27,196.35,196.17,196.33,69698.0
2019-12-02 15:46:00,196.135,196.28,196.13,196.27,57438.0
2019-12-02 15:45:00,196.16,196.16,196.11,196.13,24299.0
2019-12-02 15:44:00,196.0875,196.2214,196.0875,196.16,46939.0
2019-12-02 15:43:00,196.18,196.18,196.08,196.0925,25416.0
2019-12-02 15:42:00,196.11,196.19,196.11,196.18,27122.0
2019-12-02 15:41:00,196.205,196.23,196.1101,196.12,41577.0
2019-12-02 15:40:00,196.32,196.325,196.21,196.22,40900.0
2019-12-02 15:39:00,196.24,196.33,196.22,196.33,36310.0
2019-12-02 15:38:00,196.24,196.33,196.225,196.25,41816.0
2019-12-02 15:37:00,196.2,196.23,196.18,196.23,30771.0
2019-12-02 15:36:00,196.09,196.2,196.08,196.195,36772.0
2019-12-02 15:35:00,196.025,196.11,196.01,196.0951,26147.0
2019-12-02 15:34:00,196.02,196.08,196.0,196.03,31989.0
2019-12-02 15:33:00,195.84,196.05,195.83,196.01,34144.0
2019-12-02 15:32:00,195.81,195.8798,195.68,195.82,31570.0
2019-12-02 15:31:00,195.88,195.88,195.78,195.81,29633.0
2019-12-02 15:30:00,195.9,195.94,195.85,195.87,44439.0
2019-12-02 15:29:00,195.825,195.93,195.815,195.8999,28601.0
2019-12-02 15:28:00,196.02,196.03,195.78,195.83,44693.0
2019-12-02 15:27:00,196.1,196.1194,196.02,196.03,30544.0
2019-12-02 15:26:00,196.08,196.2,196.0687,196.12,32986.0
2019-12-02 15:25:00,196.18,196.19,196.08,196.08,19743.0
2019-12-02 15:24:00,196.305,196.3097,196.145,196.18,33808.0
2019-12-02 15:23:00,196.2625,196.32,196.25,196.3,32184.0
2019-12-02 15:22:00,196.31,196.35,196.22,196.26,36012.0
2019-12-02 15:21:00,196.3,196.31,196.25,196.31,19696.0
2019-12-02 15:20:00,196.3,196.32,196.246,196.3,20432.0
2019-12-02 15:19:00,196.31,196.35,196.25,196.3059,26049.0
2019-12-02 15:18:00,196.33,196.33,196.26,196.3,25513.0
2019-12-02 15:17:00,196.11,196.31,196.1,196.31,62705.0
2019-12-02 15:16:00,196.0927,196.16,196.0828,196.11,21764.0
2019-12-02 15:15:00,196.03,196.12,196.02,196.1001,26638.0
2019-12-02 15:14:00,195.97,196.04,195.94,196.03,34899.0
2019-12-02 15:13:00,195.91,195.97,195.89,195.97,17325.0
2019-12-02 15:12:00,195.91,195.92,195.83,195.91,19022.0
2019-12-02 15:11:00,195.96,195.99,195.89,195.89,23648.0
2019-12-02 15:10:00,195.94,196.0,195.94,195.96,15328.0
2019-12-02 15:09:00,195.84,195.94,195.82,195.935,12749.0
2019-12-02 15:08:00,195.9,195.94,195.7504,195.83,28485.0
2019-12-02 15:07:00,195.8509,195.93,195.81,195.88,47609.0
2019-12-02 15:06:00,195.9,195.98,195.83,195.85,17327.0
2019-12-02 15:05:00,195.91,195.95,195.9,195.92,12138.0
2019-12-02 15:04:00,195.92,195.97,195.89,195.935,24260.0
2019-12-02 15:03:00,196.005,196.13,195.885,195.93,48605.0
2019-12-02 15:02:00,196.055,196.11,195.97,196.0223,44854.0
2019-12-02 15:01:00,196.14,196.15,196.03,196.05,21022.0
2019-12-02 15:00:00,196.14,196.18,196.11,196.14,27750.0
2019-12-02 14:59:00,196.08,196.2,196.0775,196.13,25396.0
2019-12-02 14:58:00,196.03,196.12,196.02,196.08,36361.0
2019-12-02 14:57:00,195.87,196.0231,195.865,196.0231,34193.0
2019-12-02 14:56:00,195.86,195.94,195.84,195.87,24396.0
2019-12-02 14:55:00,195.9953,195.9953,195.84,195.87,24873.0
2019-12-02 14:54:00,196.057,196.06,195.87,195.98,34250.0
2019-12-02 14:53:00,196.15,196.17,196.01,196.05,34702.0
2019-12-02 14:52:00,196.11,196.16,196.045,196.13,44110.0
2019-12-02 14:51:00,196.0,196.11,195.95,196.11,35769.0
2019-12-02 14:50:00,195.88,196.03,195.86,195.99,84707.0
2019-12-02 14:49:00,195.875,195.9,195.83,195.88,25498.0
2019-12-02 14:48:00,195.77,195.9,195.76,195.89,34726.0
2019-12-02 14:47:00,195.7077,195.79,195.65,195.78,37872.0
2019-12-02 14:46:00,195.45,195.72,195.45,195.72,72280.0
2019-12-02 14:45:00,195.42,195.49,195.3825,195.46,14217.0
2019-12-02 14:44:00,195.39,195.44,195.37,195.41,18640.0
2019-12-02 14:43:00,195.32,195.4,195.31,195.4,16406.0
2019-12-02 14:42:00,195.34,195.34,195.26,195.32,19962.0
2019-12-02 14:41:00,195.37,195.42,195.33,195.35,24309.0
2019-12-02 14:40:00,195.44,195.45,195.33,195.38,51429.0
2019-12-02 14:39:00,195.51,195.51,195.42,195.445,25953.0
2019-12-02 14:38:00,195.57,195.58,195.5,195.5183,24587.0
2019-12-02 14:37:00,195.5715,195.59,195.44,195.5648,39817.0
2019-12-02 14:36:00,195.58,195.6,195.52,195.57,35528.0
2019-12-02 14:35:00,195.56,195.6,195.49,195.58,32417.0
2019-12-02 14:34:00,195.4,195.6,195.39,195.58,68042.0
2019-12-02 14:33:00,195.44,195.44,195.3801,195.395,23839.0
2019-12-02 14:32:00,195.355,195.45,195.34,195.44,31766.0
2019-12-02 14:31:00,195.31,195.4399,195.31,195.355,44689.0
2019-12-02 14:30:00,195.175,195.32,195.15,195.3032,23717.0
2019-12-02 14:29:00,195.23,195.25,195.17,195.17,13702.0
2019-12-02 14:28:00,195.145,195.23,195.145,195.23,11471.0
2019-12-02 14:27:00,195.25,195.25,195.1252,195.15,29368.0
2019-12-02 14:26:00,195.22,195.34,195.22,195.2488,23543.0
2019-12-02 14:25:00,195.23,195.38,195.17,195.215,33863.0
2019-12-02 14:24:00,195.11,195.25,195.06,195.23,37823.0
2019-12-02 14:23:00,195.0,195.11,195.0,195.09,21992.0
2019-12-02 14:22:00,194.97,195.01,194.95,195.01,24244.0
2019-12-02 14:21:00,194.9,194.9452,194.875,194.9452,8176.0
2019-12-02 14:20:00,194.93,194.95,194.865,194.885,17742.0
2019-12-02 14:19:00,194.93,194.95,194.9,194.93,11650.0
2019-12-02 14:18:00,194.96,194.96,194.92,194.94,17083.0
2019-12-02 14:17:00,194.93,194.98,194.93,194.95,11124.0
2019-12-02 14:16:00,194.94,194.96,194.91,194.93,9258.0
2019-12-02 14:15:00,194.89,194.97,194.89,194.93,10770.0
2019-12-02 14:14:00,194.91,194.93,194.9,194.9,10504.0
2019-12-02 14:13:00,195.046,195.046,194.91,194.93,22232.0
2019-12-02 14:12:00,195.1,195.1,195.0,195.045,28712.0
2019-12-02 14:11:00,195.09,195.18,195.0861,195.11,19866.0
2019-12-02 14:10:00,195.05,195.14,195.045,195.08,34448.0
2019-12-02 14:09:00,195.0,195.08,195.0,195.05,22371.0
2019-12-02 14:08:00,194.98,195.01,194.95,195.0,26163.0
2019-12-02 14:07:00,194.9745,195.0,194.96,194.98,10739.0
2019-12-02 14:06:00,194.93,194.99,194.93,194.98,17916.0
2019-12-02 14:05:00,194.98,194.9945,194.915,194.92,10124.0
2019-12-02 14:04:00,194.97,194.9955,194.92,194.98,12836.0
2019-12-02 14:03:00,195.01,195.01,194.93,194.97,13984.0
2019-12-02 14:02:00,195.07,195.07,195.0,195.02,15966.0
2019-12-02 14:01:00,194.93,195.07,194.92,195.07,16481.0
2019-12-02 14:00:00,194.92,194.96,194.915,194.94,10685.0
2019-12-02 13:59:00,194.974,195.01,194.92,194.94,16621.0
2019-12-02 13:58:00,195.12,195.12,194.93,194.98,21147.0
2019-12-02 13:57:00,195.15,195.19,195.11,195.11,15485.0
2019-12-02 13:56:00,195.21,195.21,195.13,195.15,10360.0
2019-12-02 13:55:00,195.16,195.245,195.16,195.2097,19396.0
2019-12-02 13:54:00,195.18,195.23,195.13,195.15,15387.0
2019-12-02 13:53:00,195.09,195.24,195.09,195.1845,35623.0
2019-12-02 13:52:00,194.93,195.15,194.91,195.09,46188.0
2019-12-02 13:51:00,194.86,194.97,194.85,194.9465,16939.0
2019-12-02 13:50:00,194.9,194.9,194.82,194.85,10332.0
2019-12-02 13:49:00,194.8616,194.94,194.8616,194.91,15909.0
2019-12-02 13:48:00,194.78,194.9,194.775,194.84,10949.0
2019-12-02 13:47:00,194.745,194.8,194.73,194.79,16105.0
2019-12-02 13:46:00,194.7,194.77,194.65,194.75,34945.0
2019-12-02 13:45:00,194.64,194.705,194.625,194.7,6617.0
2019-12-02 13:44:00,194.67,194.67,194.6,194.64,9172.0
2019-12-02 13:43:00,194.64,194.6812,194.64,194.6812,8426.0
2019-12-02 13:42:00,194.64,194.65,194.6257,194.6409,8223.0
2019-12-02 13:41:00,194.72,194.75,194.63,194.63,10466.0
2019-12-02 13:40:00,194.78,194.78,194.73,194.73,7481.0
2019-12-02 13:39:00,194.75,194.81,194.72,194.77,10745.0
2019-12-02 13:38:00,194.78,194.78,194.69,194.7257,9209.0
2019-12-02 13:37:00,194.79,194.79,194.74,194.78,8108.0
2019-12-02 13:36:00,194.745,194.82,194.745,194.8,10533.0
2019-12-02 13:35:00,194.73,194.755,194.68,194.745,8642.0
2019-12-02 13:34:00,194.75,194.75,194.69,194.73,8003.0
2019-12-02 13:33:00,194.8,194.81,194.68,194.73,11601.0
2019-12-02 13:32:00,194.68,194.825,194.68,194.8,10948.0
2019-12-02 13:31:00,194.71,194.71,194.59,194.675,16229.0
2019-12-02 13:30:00,194.76,194.76,194.67,194.72,10592.0
2019-12-02 13:29:00,194.72,194.76,194.65,194.7502,18788.0
2019-12-02 13:28:00,194.74,194.82,194.72,194.725,8561.0
2019-12-02 13:27:00,194.73,194.8158,194.6945,194.73,19335.0
2019-12-02 13:26:00,194.595,194.7,194.59,194.7,9999.0
2019-12-02 13:25:00,194.669,194.69,194.58,194.6,16646.0
2019-12-02 13:24:00,194.7,194.73,194.66,194.66,20945.0
2019-12-02 13:23:00,194.74,194.745,194.71,194.7109,7964.0
2019-12-02 13:22:00,194.73,194.75,194.71,194.73,11603.0
2019-12-02 13:21:00,194.7073,194.75,194.7073,194.74,7928.0
2019-12-02 13:20:00,194.7914,194.7914,194.67,194.7041,19488.0
2019-12-02 13:19:00,194.825,194.855,194.76,194.7839,14617.0
2019-12-02 13:18:00,194.93,194.93,194.75,194.82,25385.0
2019-12-02 13:17:00,194.99,195.02,194.92,194.92,29383.0
2019-12-02 13:16:00,194.9914,195.04,194.98,194.99,59202.0
2019-12-02 13:15:00,194.97,195.01,194.96,195.0,32455.0
2019-12-02 13:14:00,194.98,195.0,194.93,194.9761,16680.0
2019-12-02 13:13:00,194.9775,195.0,194.96,194.9702,24560.0
2019-12-02 13:12:00,194.95,194.99,194.91,194.97,32154.0
2019-12-02 13:11:00,194.99,195.0,194.92,194.95,79312.0
2019-12-02 13:10:00,194.9538,194.9821,194.94,194.9742,20390.0
2019-12-02 13:09:00,194.89,194.98,194.88,194.93,17117.0
2019-12-02 13:08:00,194.85,194.87,194.82,194.87,10917.0
2019-12-02 13:07:00,194.77,194.9,194.77,194.8677,12271.0
2019-12-02 13:06:00,194.84,194.84,194.7191,194.78,20937.0
2019-12-02 13:05:00,194.83,194.87,194.81,194.83,15355.0
2019-12-02 13:04:00,194.82,194.88,194.79,194.84,19893.0
2019-12-02 13:03:00,194.736,194.82,194.71,194.81,25331.0
2019-12-02 13:02:00,194.64,194.72,194.63,194.69,20965.0
2019-12-02 13:01:00,194.7,194.79,194.617,194.64,24892.0
2019-12-02 13:00:00,194.68,194.78,194.66,194.72,17826.0
2019-12-02 12:59:00,194.68,194.78,194.63,194.6902,39156.0
2019-12-02 12:58:00,194.6,194.715,194.6,194.68,17277.0
2019-12-02 12:57:00,194.61,194.66,194.59,194.6195,15553.0
2019-12-02 12:56:00,194.57,194.67,194.52,194.62,14892.0
2019-12-02 12:55:00,194.66,194.73,194.55,194.56,18594.0
2019-12-02 12:54:00,194.52,194.66,194.474,194.66,26466.0
2019-12-02 12:53:00,194.54,194.57,194.49,194.5,15796.0
2019-12-02 12:52:00,194.5,194.63,194.4814,194.57,16841.0
2019-12-02 12:51:00,194.58,194.62,194.4388,194.46,51837.0
2019-12-02 12:50:00,194.43,194.6,194.43,194.6,31624.0
2019-12-02 12:49:00,194.32,194.465,194.28,194.43,21553.0
2019-12-02 12:48:00,194.27,194.3917,194.26,194.36,18976.0
2019-12-02 12:47:00,194.4008,194.41,194.25,194.27,19968.0
2019-12-02 12:46:00,194.5232,194.53,194.39,194.4273,26835.0
2019-12-02 12:45:00,194.45,194.55,194.4,194.52,27348.0
2019-12-02 12:44:00,194.41,194.48,194.31,194.44,20786.0
2019-12-02 12:43:00,194.37,194.4,194.32,194.4,10006.0
2019-12-02 12:42:00,194.22,194.39,194.22,194.37,20834.0
2019-12-02 12:41:00,194.23,194.23,194.145,194.22,14374.0
2019-12-02 12:40:00,194.13,194.26,194.07,194.2436,25469.0
2019-12-02 12:39:00,194.22,194.22,194.04,194.1209,22527.0
2019-12-02 12:38:00,194.2621,194.2621,194.14,194.22,23431.0
2019-12-02 12:37:00,194.4,194.4,194.23,194.27,22907.0
2019-12-02 12:36:00,194.21,194.4523,194.21,194.41,17412.0
2019-12-02 12:35:00,194.37,194.375,194.13,194.17,21801.0
2019-12-02 12:34:00,194.4282,194.46,194.36,194.38,23417.0
2019-12-02 12:33:00,194.3398,194.41,194.2,194.41,24004.0
2019-12-02 12:32:00,194.4616,194.4616,194.22,194.36,85743.0
2019-12-02 12:31:00,194.57,194.6,194.46,194.468,23627.0
2019-12-02 12:30:00,194.54,194.71,194.39,194.58,46586.0
2019-12-02 12:29:00,194.9751,195.1589,194.118,194.5551,164637.0
2019-12-02 12:28:00,194.95,195.0,194.91,194.97,72200.0
2019-12-02 12:27:00,194.91,194.96,194.9,194.94,17183.0
2019-12-02 12:26:00,194.92,194.97,194.9,194.91,16596.0
2019-12-02 12:25:00,194.81,194.93,194.77,194.92,26965.0
2019-12-02 12:24:00,194.83,194.8592,194.78,194.7969,14523.0
2019-12-02 12:23:00,194.9,194.9668,194.79,194.81,21511.0
2019-12-02 12:22:00,194.92,194.98,194.78,194.88,21618.0
2019-12-02 12:21:00,194.84,195.0,194.84,194.92,73276.0
2019-12-02 12:20:00,194.7054,194.83,194.7054,194.83,20652.0
2019-12-02 12:19:00,194.7006,194.73,194.66,194.7109,15322.0
2019-12-02 12:18:00,194.69,194.7204,194.65,194.71,13572.0
2019-12-02 12:17:00,194.68,194.79,194.68,194.69,24249.0
2019-12-02 12:16:00,194.71,194.74,194.67,194.675,18876.0
2019-12-02 12:15:00,194.8099,194.81,194.7,194.7,23673.0
2019-12-02 12:14:00,194.7,194.81,194.6915,194.8,24140.0
2019-12-02 12:13:00,194.765,194.765,194.68,194.7,15128.0
2019-12-02 12:12:00,194.81,194.81,194.745,194.77,29174.0
2019-12-02 12:11:00,194.8,194.82,194.7513,194.805,22450.0
2019-12-02 12:10:00,194.8,194.84,194.72,194.79,48206.0
2019-12-02 12:09:00,194.76,194.82,194.75,194.79,27627.0
2019-12-02 12:08:00,194.775,194.82,194.7,194.78,29001.0
2019-12-02 12:07:00,194.7942,194.805,194.71,194.76,34855.0
2019-12-02 12:06:00,194.79,194.825,194.7559,194.8,42409.0
2019-12-02 12:05:00,194.83,194.83,194.78,194.78,59321.0
2019-12-02 12:03:00,194.69,194.7587,194.67,194.75,11456.0
2019-12-02 12:02:00,194.5,194.68,194.48,194.68,38606.0
2019-12-02 12:01:00,194.53,194.63,194.49,194.5,32073.0
2019-12-02 12:00:00,194.58,194.64,194.53,194.54,22025.0
2019-12-02 11:59:00,194.67,194.68,194.57,194.57,33076.0
2019-12-02 11:58:00,194.75,194.78,194.64,194.65,21094.0
2019-12-02 11:57:00,194.71,194.8,194.61,194.742,26242.0
2019-12-02 11:56:00,194.82,194.82,194.6753,194.6898,27532.0
2019-12-02 11:55:00,194.59,194.9,194.55,194.7998,80196.0
2019-12-02 11:54:00,194.51,194.6,194.49,194.6,68106.0
2019-12-02 11:53:00,194.48,194.52,194.39,194.505,52159.0
2019-12-02 11:52:00,194.49,194.51,194.37,194.485,54686.0
2019-12-02 11:51:00,194.29,194.5,194.285,194.5,33515.0
2019-12-02 11:50:00,194.47,194.49,194.25,194.29,141721.0
2019-12-02 11:49:00,194.4,194.48,194.39,194.475,43315.0
2019-12-02 11:48:00,194.38,194.43,194.34,194.395,20748.0
2019-12-02 11:47:00,194.4,194.48,194.385,194.395,17384.0
2019-12-02 11:46:00,194.47,194.48,194.38,194.395,15041.0
2019-12-02 11:45:00,194.265,194.48,194.265,194.47,56243.0
2019-12-02 11:44:00,194.33,194.33,194.3,194.3,1557.0
2019-12-02 11:43:00,194.24,194.3402,194.24,194.3356,101525.0
2019-12-02 11:39:00,194.1222,194.14,194.03,194.03,61253.0
2019-12-02 11:38:00,193.98,193.995,193.95,193.99,88410.0
2019-12-02 11:36:00,194.0,194.01,193.99,194.01,13601.0
2019-12-02 11:35:00,194.09,194.105,194.0,194.0,63688.0
2019-12-02 11:34:00,194.17,194.27,194.07,194.08,35949.0
2019-12-02 11:33:00,194.4337,194.4337,194.18,194.18,29750.0
2019-12-02 11:32:00,194.43,194.46,194.318,194.42,20865.0
2019-12-02 11:31:00,194.28,194.48,194.21,194.44,34935.0
2019-12-02 11:30:00,194.22,194.29,194.16,194.2795,19842.0
2019-12-02 11:29:00,194.12,194.25,194.01,194.2,44209.0
2019-12-02 11:28:00,194.27,194.33,194.091,194.11,52041.0
2019-12-02 11:27:00,194.4,194.42,194.25,194.2632,43668.0
2019-12-02 11:26:00,194.355,194.47,194.32,194.4069,39983.0
2019-12-02 11:25:00,194.19,194.42,194.159,194.37,44101.0
2019-12-02 11:24:00,194.17,194.24,194.092,194.2,59775.0
2019-12-02 11:23:00,194.2,194.23,194.1,194.15,39092.0
2019-12-02 11:22:00,194.25,194.35,194.15,194.18,35353.0
2019-12-02 11:21:00,194.2938,194.503,194.2227,194.2338,36508.0
2019-12-02 11:20:00,194.25,194.33,194.2,194.255,32638.0
2019-12-02 11:19:00,194.315,194.33,194.21,194.24,60109.0
2019-12-02 11:18:00,194.1728,194.5162,194.1558,194.3278,38787.0
2019-12-02 11:17:00,194.3,194.3495,194.07,194.15,90624.0
2019-12-02 11:16:00,194.13,194.31,194.06,194.3,32130.0
2019-12-02 11:15:00,193.88,194.21,193.87,194.11,48589.0
2019-12-02 11:14:00,194.05,194.05,193.8419,193.88,52802.0
2019-12-02 11:13:00,194.125,194.15,194.02,194.05,40638.0
2019-12-02 11:12:00,194.07,194.14,194.025,194.13,160524.0
2019-12-02 11:10:00,194.14,194.14,193.94,193.97,42689.0
2019-12-02 11:09:00,194.1,194.23,194.06,194.128,42572.0
2019-12-02 11:08:00,194.16,194.28,194.0793,194.1,45765.0
2019-12-02 11:07:00,194.04,194.21,194.02,194.12,49447.0
2019-12-02 11:06:00,194.13,194.13,193.96,194.045,58506.0
2019-12-02 11:05:00,194.225,194.24,194.0,194.13,42557.0
2019-12-02 11:04:00,194.3,194.33,194.15,194.22,31985.0
2019-12-02 11:03:00,194.31,194.33,194.22,194.29,33810.0
2019-12-02 11:02:00,194.3375,194.36,194.14,194.3,38406.0
2019-12-02 11:01:00,194.11,194.37,194.11,194.35,50116.0
2019-12-02 11:00:00,194.14,194.18,194.04,194.1,39848.0
2019-12-02 10:59:00,194.2938,194.4529,194.1627,194.1688,48208.0
2019-12-02 10:58:00,194.15,194.35,194.07,194.28,58543.0
2019-12-02 10:57:00,194.32,194.3463,194.0,194.14,139494.0
2019-12-02 10:56:00,194.32,194.325,194.24,194.31,33565.0
2019-12-02 10:55:00,194.235,194.33,194.16,194.325,104173.0
2019-12-02 10:54:00,194.31,194.387,194.19,194.25,60195.0
2019-12-02 10:53:00,194.4163,194.6292,194.2788,194.3163,117882.0
2019-12-02 10:52:00,194.46,194.54,194.37,194.405,102344.0
2019-12-02 10:51:00,194.62,194.66,194.45,194.45,47984.0
2019-12-02 10:50:00,194.71,194.93,194.6,194.6,37275.0
2019-12-02 10:49:00,194.63,194.77,194.59,194.7,25470.0
2019-12-02 10:48:00,194.83,194.84,194.54,194.62,36360.0
2019-12-02 10:47:00,194.95,194.97,194.67,194.79,68922.0
2019-12-02 10:46:00,195.01,195.01,194.85,194.98,43595.0
2019-12-02 10:45:00,194.8301,195.03,194.8,195.02,36398.0
2019-12-02 10:44:00,194.82,195.05,194.79,194.85,57577.0
2019-12-02 10:43:00,194.75,194.88,194.7,194.83,43708.0
2019-12-02 10:42:00,194.4194,194.79,194.4,194.76,40040.0
2019-12-02 10:41:00,194.55,194.57,194.42,194.425,40871.0
2019-12-02 10:40:00,194.5909,194.6899,194.53,194.56,24678.0
2019-12-02 10:39:00,194.91,194.98,194.58,194.595,44029.0
2019-12-02 10:38:00,194.8,195.5,194.66,194.9483,60565.0
2019-12-02 10:37:00,194.86,194.91,194.71,194.83,34900.0
2019-12-02 10:36:00,194.9381,195.1776,194.557,194.8481,115415.0
2019-12-02 10:35:00,194.72,195.04,194.69,194.96,55596.0
2019-12-02 10:34:00,194.83,194.87,194.75,194.75,33444.0
2019-12-02 10:33:00,194.69,194.88,194.57,194.79,45198.0
2019-12-02 10:32:00,194.45,194.76,194.35,194.71,118889.0
2019-12-02 10:31:00,194.72,194.72,194.38,194.46,80595.0
2019-12-02 10:30:00,194.78,194.9,194.72,194.72,49376.0
2019-12-02 10:29:00,194.86,195.07,194.75,194.81,52799.0
2019-12-02 10:28:00,194.76,194.91,194.7101,194.87,33193.0
2019-12-02 10:27:00,194.81,194.89,194.725,194.8,27583.0
2019-12-02 10:26:00,194.56,194.92,194.39,194.83,48300.0
2019-12-02 10:25:00,194.71,194.9199,194.58,194.5952,42358.0
2019-12-02 10:24:00,194.607,194.9838,194.5806,194.717,60349.0
2019-12-02 10:23:00,194.43,194.68,194.37,194.61,50064.0
2019-12-02 10:22:00,194.61,194.69,194.42,194.43,53392.0
2019-12-02 10:21:00,194.9271,195.0,194.6,194.63,49765.0
2019-12-02 10:20:00,194.755,194.99,194.64,194.94,76399.0
2019-12-02 10:19:00,195.01,195.01,194.72,194.755,64660.0
2019-12-02 10:18:00,195.18,195.25,194.91,195.0309,65254.0
2019-12-02 10:17:00,195.3891,195.4,195.1,195.18,51773.0
2019-12-02 10:16:00,195.2632,195.5692,195.2389,195.4032,72169.0
2019-12-02 10:15:00,195.07,195.27,195.04,195.25,61900.0
2019-12-02 10:14:00,195.1373,195.3329,194.7823,195.0873,158072.0
2019-12-02 10:13:00,195.07,195.2,194.985,195.15,100851.0
2019-12-02 10:12:00,194.91,195.09,194.89,195.09,99181.0
2019-12-02 10:11:00,194.67,194.95,194.5341,194.9,63849.0
2019-12-02 10:10:00,194.6662,194.9888,194.6508,194.6762,83146.0
2019-12-02 10:09:00,194.37,194.66,194.26,194.634,133203.0
2019-12-02 10:08:00,193.95,194.47,193.93,194.36,103726.0
2019-12-02 10:07:00,193.6832,194.2281,193.6776,193.9532,200969.0
2019-12-02 10:06:00,194.175,194.18,193.56,193.725,237861.0
2019-12-02 10:05:00,194.735,194.78,194.12,194.18,199496.0
2019-12-02 10:04:00,195.1,195.33,194.71,194.72,321610.0
2019-12-02 10:03:00,195.5364,195.63,195.07,195.1,147554.0
2019-12-02 10:02:00,195.91,196.09,195.51,195.54,114503.0
2019-12-02 10:01:00,195.9762,196.2993,195.872,195.9303,137400.0
2019-12-02 10:00:00,196.04,196.07,195.82,195.99,142270.0
2019-12-02 09:59:00,196.1899,196.23,196.01,196.0363,59478.0
2019-12-02 09:58:00,196.25,196.36,196.13,196.15,62721.0
2019-12-02 09:57:00,196.483,196.54,196.23,196.25,63332.0
2019-12-02 09:56:00,196.488,196.62,196.36,196.5,54895.0
2019-12-02 09:55:00,196.5309,196.68,196.2835,196.46,51060.0
2019-12-02 09:54:00,196.6,196.61,196.38,196.51,69050.0
2019-12-02 09:53:00,196.61,196.72,196.524,196.57,54712.0
2019-12-02 09:52:00,196.5573,196.8743,196.4039,196.6773,75736.0
2019-12-02 09:51:00,196.51,196.68,196.5,196.55,47130.0
2019-12-02 09:50:00,196.5201,196.71,196.5,196.51,76550.0
2019-12-02 09:49:00,196.52,196.81,196.49,196.54,63628.0
2019-12-02 09:48:00,196.75,196.8299,196.51,196.51,81035.0
2019-12-02 09:47:00,197.31,197.55,196.72,196.72,62111.0
2019-12-02 09:46:00,197.3064,197.6922,197.2718,197.3664,64542.0
2019-12-02 09:45:00,196.91,197.29,196.88,197.29,81505.0
2019-12-02 09:44:00,196.4433,197.0,196.38,196.88,107901.0
2019-12-02 09:43:00,196.4998,196.54,196.358,196.455,54038.0
2019-12-02 09:42:00,196.15,196.66,196.12,196.48,54440.0
2019-12-02 09:41:00,196.52,196.52,196.0,196.17,99331.0
2019-12-02 09:40:00,196.54,197.07,196.51,196.54,124000.0
2019-12-02 09:39:00,196.78,196.78,196.33,196.51,79071.0
2019-12-02 09:38:00,196.68,196.89,196.63,196.77,85811.0
2019-12-02 09:37:00,196.48,196.92,196.315,196.66,84144.0
2019-12-02 09:36:00,196.4532,196.7402,196.0096,196.4932,189106.0
2019-12-02 09:35:00,196.635,197.0,196.3,196.45,175987.0
2019-12-02 09:34:00,196.01,196.66,195.94,196.62,243815.0
2019-12-02 09:33:00,197.4789,197.6304,195.8284,196.0538,474707.0
2019-12-02 09:32:00,198.15,198.21,197.4053,197.48,236613.0
2019-12-02 09:31:00,198.58,198.67,198.11,198.16,932152.0
2019-11-29 13:00:00,200.0188,200.06,199.9,199.9,136554.0
2019-11-29 12:59:00,199.975,200.1,199.93,199.9907,188642.0
2019-11-29 12:58:00,199.97,199.98,199.92,199.98,66226.0
2019-11-29 12:57:00,199.944,200.0,199.8325,199.975,217662.0
2019-11-29 12:56:00,199.655,199.98,199.655,199.95,98261.0
2019-11-29 12:55:00,199.52,199.72,199.455,199.66,50825.0
2019-11-29 12:54:00,199.32,199.5242,199.32,199.52,46519.0
2019-11-29 12:53:00,199.14,199.43,199.14,199.31,55574.0
2019-11-29 12:52:00,199.24,199.25,199.1344,199.1344,59626.0
2019-11-29 12:51:00,199.14,199.36,199.14,199.24,71998.0
2019-11-29 12:50:00,199.125,199.19,199.02,199.12,53480.0
2019-11-29 12:49:00,199.17,199.19,199.11,199.125,34523.0
2019-11-29 12:48:00,199.17,199.26,199.0,199.14,78324.0
2019-11-29 12:47:00,198.97,199.19,198.97,199.17,62772.0
2019-11-29 12:46:00,198.948,199.1706,198.9104,198.9768,98776.0
2019-11-29 12:45:00,199.0,199.0,198.84,198.94,63586.0
2019-11-29 12:44:00,198.985,199.0,198.95,199.0,76233.0
2019-11-29 12:43:00,198.96,199.0,198.96,198.985,45579.0
2019-11-29 12:42:00,198.99,198.99,198.9,198.97,46249.0
2019-11-29 12:41:00,199.0,199.0059,198.96,198.99,39686.0
2019-11-29 12:40:00,199.09,199.17,198.99,198.9948,48740.0
2019-11-29 12:39:00,199.24,199.24,198.995,199.09,71431.0
2019-11-29 12:38:00,199.2344,199.262,199.21,199.24,22425.0
2019-11-29 12:37:00,199.21,199.28,199.205,199.235,26807.0
2019-11-29 12:36:00,199.16,199.23,199.1091,199.21,33460.0
2019-11-29 12:35:00,199.155,199.24,199.155,199.16,21438.0
2019-11-29 12:34:00,199.215,199.25,199.04,199.15,52917.0
2019-11-29 12:33:00,199.275,199.275,199.13,199.2,32315.0
2019-11-29 12:32:00,199.195,199.27,199.195,199.27,25197.0
2019-11-29 12:31:00,199.08,199.25,199.08,199.1999,38111.0
2019-11-29 12:30:00,199.2,199.2,199.03,199.1098,51571.0
2019-11-29 12:29:00,199.07,199.21,198.97,199.2,74726.0
2019-11-29 12:28:00,199.15,199.27,199.06,199.06,60142.0
2019-11-29 12:27:00,199.25,199.26,199.09,199.16,98567.0
2019-11-29 12:26:00,199.36,199.41,199.19,199.255,84421.0
2019-11-29 12:25:00,199.36,199.42,199.23,199.3576,54877.0
2019-11-29 12:24:00,199.375,199.38,199.32,199.36,29978.0
2019-11-29 12:23:00,199.3,199.38,199.2916,199.37,32210.0
2019-11-29 12:22:00,199.38,199.39,199.27,199.3,33534.0
2019-11-29 12:21:00,199.41,199.46,199.35,199.38,29001.0
2019-11-29 12:20:00,199.45,199.46,199.38,199.41,19625.0
2019-11-29 12:19:00,199.49,199.505,199.43,199.46,22557.0
2019-11-29 12:18:00,199.64,199.64,199.485,199.49,37609.0
2019-11-29 12:17:00,199.54,199.66,199.54,199.6401,41496.0
2019-11-29 12:16:00,199.495,199.55,199.4838,199.53,25748.0
2019-11-29 12:15:00,199.48,199.5,199.44,199.49,25738.0
2019-11-29 12:14:00,199.35,199.54,199.35,199.49,42972.0
2019-11-29 12:13:00,199.38,199.48,199.335,199.37,45436.0
2019-11-29 12:12:00,199.43,199.43,199.37,199.38,135091.0
2019-11-29 12:09:00,199.59,199.62,199.42,199.42,142835.0
2019-11-29 12:07:00,199.64,199.675,199.64,199.655,9631.0
2019-11-29 12:06:00,199.5511,199.69,199.52,199.64,41431.0
2019-11-29 12:05:00,199.79,199.79,199.53,199.56,52721.0
2019-11-29 12:04:00,199.82,199.83,199.77,199.795,23884.0
2019-11-29 12:03:00,199.8128,199.87,199.78,199.82,20216.0
2019-11-29 12:02:00,199.78,199.857,199.72,199.82,36160.0
2019-11-29 12:01:00,199.71,199.79,199.6987,199.79,30681.0
2019-11-29 12:00:00,199.66,199.79,199.66,199.71,48564.0
2019-11-29 11:59:00,199.56,199.67,199.5544,199.67,29747.0
2019-11-29 11:58:00,199.56,199.66,199.555,199.555,36871.0
2019-11-29 11:57:00,199.58,199.605,199.51,199.56,79240.0
2019-11-29 11:56:00,199.53,199.58,199.47,199.57,70767.0
2019-11-29 11:55:00,199.47,199.6,199.44,199.54,75147.0
2019-11-29 11:54:00,199.3799,199.46,199.3799,199.46,38670.0
2019-11-29 11:53:00,199.4011,199.44,199.35,199.379,24553.0
2019-11-29 11:52:00,199.4901,199.5035,199.395,199.41,34438.0
2019-11-29 11:51:00,199.46,199.51,199.425,199.49,35254.0
2019-11-29 11:50:00,199.47,199.52,199.46,199.469,45044.0
2019-11-29 11:49:00,199.36,199.47,199.33,199.47,36674.0
2019-11-29 11:48:00,199.42,199.435,199.34,199.35,24565.0
2019-11-29 11:47:00,199.4,199.45,199.32,199.41,29189.0
2019-11-29 11:46:00,199.35,199.4,199.31,199.4,36600.0
2019-11-29 11:45:00,199.3921,199.4332,199.3,199.36,41689.0
2019-11-29 11:44:00,199.41,199.41,199.38,199.4,35465.0
2019-11-29 11:43:00,199.418,199.45,199.38,199.41,51689.0
2019-11-29 11:42:00,199.47,199.47,199.41,199.41,9017.0
2019-11-29 11:41:00,199.48,199.505,199.46,199.475,84648.0
2019-11-29 11:39:00,199.56,199.58,199.51,199.53,22194.0
2019-11-29 11:38:00,199.44,199.56,199.435,199.55,33814.0
2019-11-29 11:37:00,199.3902,199.47,199.39,199.42,24235.0
2019-11-29 11:36:00,199.47,199.47,199.37,199.39,42688.0
2019-11-29 11:35:00,199.525,199.58,199.47,199.48,40996.0
2019-11-29 11:34:00,199.59,199.6,199.44,199.525,71469.0
2019-11-29 11:33:00,199.57,199.6,199.53,199.57,41762.0
2019-11-29 11:32:00,199.6186,199.63,199.56,199.5799,22766.0
2019-11-29 11:31:00,199.55,199.64,199.48,199.61,61465.0
2019-11-29 11:30:00,199.605,199.62,199.52,199.55,27893.0
2019-11-29 11:29:00,199.58,199.6816,199.58,199.6,42494.0
2019-11-29 11:28:00,199.6,199.62,199.54,199.58,49132.0
2019-11-29 11:27:00,199.71,199.73,199.56,199.59,46430.0
2019-11-29 11:26:00,199.76,199.79,199.69,199.7167,29150.0
2019-11-29 11:25:00,199.7821,199.8,199.75,199.78,16260.0
2019-11-29 11:24:00,199.78,199.7809,199.7271,199.78,14729.0
2019-11-29 11:23:00,199.77,199.81,199.76,199.79,27155.0
2019-11-29 11:22:00,199.72,199.79,199.72,199.77,17584.0
2019-11-29 11:21:00,199.78,199.79,199.69,199.71,26049.0
2019-11-29 11:20:00,199.82,199.84,199.765,199.78,19752.0
2019-11-29 11:19:00,199.83,199.83,199.78,199.82,30744.0
2019-11-29 11:18:00,199.74,199.8394,199.71,199.83,30694.0
2019-11-29 11:17:00,199.66,199.74,199.63,199.74,31021.0
2019-11-29 11:16:00,199.78,199.79,199.66,199.67,35498.0
2019-11-29 11:15:00,199.81,199.85,199.78,199.78,57955.0
2019-11-29 11:14:00,199.794,199.8501,199.7687,199.81,56960.0
2019-11-29 11:13:00,199.77,199.8,199.76,199.79,110587.0
2019-11-29 11:11:00,199.8859,199.91,199.8,199.8599,36072.0
2019-11-29 11:10:00,199.93,199.94,199.87,199.89,23711.0
2019-11-29 11:09:00,199.91,199.95,199.84,199.92,38671.0
2019-11-29 11:08:00,199.915,199.95,199.91,199.915,47964.0
2019-11-29 11:07:00,199.9,199.95,199.881,199.91,26215.0
2019-11-29 11:06:00,199.96,199.97,199.9,199.91,22906.0
2019-11-29 11:05:00,199.85,200.0,199.83,199.9512,42160.0
2019-11-29 11:04:00,199.99,200.05,199.81,199.84,78695.0
2019-11-29 11:03:00,200.1435,200.1435,199.98,199.99,43753.0
2019-11-29 11:02:00,200.108,200.17,200.075,200.14,26357.0
2019-11-29 11:01:00,200.04,200.12,200.01,200.12,30690.0
2019-11-29 11:00:00,200.03,200.1,200.03,200.05,40058.0
2019-11-29 10:59:00,200.0,200.11,200.0,200.03,25202.0
2019-11-29 10:58:00,199.98,200.05,199.91,200.0,52308.0
2019-11-29 10:57:00,199.98,200.01,199.93,199.98,40648.0
2019-11-29 10:56:00,199.895,199.995,199.87,199.995,32965.0
2019-11-29 10:55:00,199.83,199.9,199.76,199.9,55231.0
2019-11-29 10:54:00,200.1,200.1,199.81,199.81,60538.0
2019-11-29 10:53:00,200.1639,200.22,200.1,200.11,38414.0
2019-11-29 10:52:00,200.26,200.28,200.07,200.15,64464.0
2019-11-29 10:51:00,200.235,200.3,200.2,200.2685,68925.0
2019-11-29 10:50:00,200.13,200.25,200.13,200.2348,48869.0
2019-11-29 10:49:00,200.23,200.23,200.11,200.12,50430.0
2019-11-29 10:48:00,200.175,200.23,200.16,200.22,30818.0
2019-11-29 10:47:00,200.2,200.23,200.15,200.18,56139.0
2019-11-29 10:46:00,200.21,200.28,200.19,200.195,34133.0
2019-11-29 10:45:00,200.18,200.2307,200.15,200.21,36365.0
2019-11-29 10:44:00,200.25,200.26,200.12,200.165,52638.0
2019-11-29 10:43:00,200.21,200.26,200.19,200.25,32420.0
2019-11-29 10:42:00,200.28,200.285,200.19,200.2,43717.0
2019-11-29 10:41:00,200.25,200.31,200.14,200.235,51710.0
2019-11-29 10:40:00,200.27,200.28,200.16,200.2598,56740.0
2019-11-29 10:39:00,200.21,200.28,200.18,200.26,45642.0
2019-11-29 10:38:00,200.17,200.29,200.17,200.22,50165.0
2019-11-29 10:37:00,200.02,200.215,200.01,200.17,82660.0
2019-11-29 10:36:00,199.96,200.02,199.96,200.0,60408.0
2019-11-29 10:35:00,199.95,200.0,199.9001,199.96,35710.0
2019-11-29 10:34:00,199.82,199.95,199.82,199.94,41380.0
2019-11-29 10:33:00,199.82,199.85,199.72,199.81,49767.0
2019-11-29 10:32:00,199.77,199.81,199.61,199.81,53563.0
2019-11-29 10:31:00,199.86,199.88,199.71,199.75,46992.0
2019-11-29 10:30:00,199.96,199.98,199.8,199.855,59709.0
2019-11-29 10:29:00,200.01,200.05,199.96,199.96,42073.0
2019-11-29 10:28:00,199.98,200.06,199.95,200.0,68609.0
2019-11-29 10:27:00,199.98,200.09,199.92,199.97,51705.0
2019-11-29 10:26:00,199.9995,200.05,199.9,199.9695,75998.0
2019-11-29 10:25:00,200.0,200.12,199.98,199.9902,54823.0
2019-11-29 10:24:00,200.16,200.24,200.0,200.01,72019.0
2019-11-29 10:23:00,200.33,200.35,200.11,200.16,60967.0
2019-11-29 10:22:00,200.3049,200.3399,200.21,200.33,50596.0
2019-11-29 10:21:00,200.39,200.39,200.24,200.32,74774.0
2019-11-29 10:20:00,200.31,200.43,200.28,200.3787,75485.0
2019-11-29 10:19:00,200.25,200.39,200.25,200.32,61860.0
2019-11-29 10:18:00,200.245,200.34,200.1385,200.25,79436.0
2019-11-29 10:17:00,200.08,200.3,200.01,200.23,67726.0
2019-11-29 10:16:00,199.88,200.13,199.86,200.09,114156.0
2019-11-29 10:15:00,200.04,200.08,199.86,199.8799,63714.0
2019-11-29 10:14:00,200.13,200.19,199.98,200.03,128670.0
2019-11-29 10:13:00,200.02,200.28,200.02,200.13,78393.0
2019-11-29 10:12:00,199.86,200.07,199.81,200.03,76545.0
2019-11-29 10:11:00,200.0279,200.1,199.88,199.88,68618.0
2019-11-29 10:10:00,200.11,200.25,199.97,200.0228,106149.0
2019-11-29 10:09:00,199.98,200.14,199.96,200.09,67584.0
2019-11-29 10:08:00,199.985,200.03,199.93,199.97,69502.0
2019-11-29 10:07:00,199.97,200.1999,199.91,199.98,130208.0
2019-11-29 10:06:00,199.91,200.1,199.91,199.96,281284.0
2019-11-29 10:05:00,199.82,199.9678,199.81,199.895,57521.0
2019-11-29 10:04:00,199.78,199.96,199.775,199.819,188126.0
2019-11-29 10:03:00,199.63,199.79,199.55,199.7748,112296.0
2019-11-29 10:02:00,199.6,199.6281,199.52,199.61,45115.0
2019-11-29 10:01:00,199.6,199.69,199.56,199.59,46317.0
2019-11-29 10:00:00,199.59,199.7,199.53,199.61,107142.0
2019-11-29 09:59:00,199.31,199.63,199.3,199.6,110829.0
2019-11-29 09:58:00,199.45,199.55,199.29,199.325,53582.0
2019-11-29 09:57:00,199.6112,199.64,199.4309,199.44,70622.0
2019-11-29 09:56:00,199.74,199.78,199.57,199.6021,90262.0
2019-11-29 09:55:00,199.51,199.77,199.5,199.73,96105.0
2019-11-29 09:54:00,199.4874,199.8171,199.4467,199.5274,121637.0
2019-11-29 09:53:00,198.92,199.64,198.92,199.49,311094.0
2019-11-29 09:52:00,198.955,199.0,198.87,198.93,76216.0
2019-11-29 09:51:00,198.96,199.0,198.7638,198.93,81575.0
2019-11-29 09:50:00,198.72,198.96,198.68,198.96,156671.0
2019-11-29 09:49:00,198.64,198.9,198.62,198.7464,78239.0
2019-11-29 09:48:00,198.5701,199.0,198.5701,198.64,136006.0
2019-11-29 09:47:00,198.64,198.68,198.44,198.59,95788.0
2019-11-29 09:46:00,198.705,198.77,198.62,198.67,63389.0
2019-11-29 09:45:00,198.58,198.78,198.47,198.71,90497.0
2019-11-29 09:44:00,198.7319,198.825,198.5,198.58,95555.0
2019-11-29 09:43:00,198.88,198.89,198.6753,198.75,88765.0
2019-11-29 09:42:00,198.875,199.1033,198.87,198.9,105998.0
2019-11-29 09:41:00,198.95,198.96,198.69,198.87,138360.0
2019-11-29 09:40:00,199.13,199.13,198.87,198.9271,165811.0
2019-11-29 09:39:00,198.775,199.29,198.76,199.13,205051.0
2019-11-29 09:38:00,198.63,198.94,198.5691,198.775,163989.0
2019-11-29 09:37:00,198.516,198.75,198.3502,198.64,275088.0
2019-11-29 09:36:00,199.05,199.05,198.47,198.52,296600.0
2019-11-29 09:35:00,198.9799,199.4353,198.9164,199.0539,271643.0
2019-11-29 09:34:00,199.35,199.49,198.92,199.0,323863.0
2019-11-29 09:33:00,199.535,200.04,199.24,199.36,280279.0
2019-11-29 09:32:00,200.23,200.25,199.42,199.52,236499.0
2019-11-29 09:31:00,199.818,200.622,199.5009,200.258,3369047.0
2019-11-27 16:00:00,200.49,200.91,200.49,200.86,553170.0
2019-11-27 15:59:00,200.31,200.49,200.305,200.49,244003.0
2019-11-27 15:58:00,200.4,200.42,200.31,200.32,155205.0
2019-11-27 15:57:00,200.39,200.49,200.36,200.4,126536.0
2019-11-27 15:56:00,200.44,200.49,200.31,200.395,210646.0
2019-11-27 15:55:00,200.39,200.5,200.345,200.43,165979.0
2019-11-27 15:54:00,200.324,200.4,200.296,200.38,153772.0
2019-11-27 15:53:00,200.18,200.33,200.175,200.3299,158392.0
2019-11-27 15:52:00,200.065,200.19,200.05,200.175,188558.0
2019-11-27 15:51:00,200.0,200.09,199.97,200.07,161526.0
2019-11-27 15:50:00,200.0,200.0,199.97,199.985,44828.0
2019-11-27 15:49:00,199.97,200.01,199.95,199.99,51734.0
2019-11-27 15:48:00,199.93,200.0,199.92,199.955,43367.0
2019-11-27 15:47:00,199.99,199.99,199.9,199.93,59606.0
2019-11-27 15:46:00,200.03,200.05,199.88,199.98,77704.0
2019-11-27 15:45:00,200.06,200.105,199.99,200.03,61177.0
2019-11-27 15:44:00,200.0,200.12,199.965,200.07,60870.0
2019-11-27 15:43:00,200.05,200.065,199.96,200.0,67752.0
2019-11-27 15:42:00,200.0,200.0409,199.98,200.04,74980.0
2019-11-27 15:41:00,200.07,200.1156,199.94,200.0,73462.0
2019-11-27 15:40:00,200.17,200.22,200.05,200.08,91358.0
2019-11-27 15:39:00,200.055,200.19,199.97,200.174,105522.0
2019-11-27 15:38:00,199.985,200.09,199.97,200.055,58106.0
2019-11-27 15:37:00,199.98,200.0555,199.97,199.99,51145.0
2019-11-27 15:36:00,199.94,200.02,199.92,199.98,45337.0
2019-11-27 15:35:00,199.925,199.97,199.91,199.92,29102.0
2019-11-27 15:34:00,200.02,200.03,199.9,199.93,73209.0
2019-11-27 15:33:00,200.095,200.1,200.0101,200.0101,82086.0
2019-11-27 15:32:00,200.038,200.12,200.0,200.0959,92785.0
2019-11-27 15:31:00,200.01,200.06,199.96,200.03,147066.0
2019-11-27 15:30:00,200.0,200.0212,199.97,200.0131,46489.0
2019-11-27 15:29:00,199.96,200.05,199.945,199.985,77044.0
2019-11-27 15:28:00,199.95,199.96,199.94,199.94,78840.0
2019-11-27 15:27:00,199.94,199.99,199.94,199.965,22780.0
2019-11-27 15:26:00,199.875,199.96,199.87,199.95,36680.0
2019-11-27 15:25:00,199.86,199.93,199.84,199.8753,50789.0
2019-11-27 15:24:00,199.74,199.87,199.7354,199.855,46267.0
2019-11-27 15:23:00,199.72,199.7912,199.72,199.735,34567.0
2019-11-27 15:22:00,199.635,199.73,199.63,199.72,34647.0
2019-11-27 15:21:00,199.645,199.68,199.63,199.63,27899.0
2019-11-27 15:20:00,199.7,199.7,199.59,199.645,64929.0
2019-11-27 15:19:00,199.66,199.73,199.66,199.695,42553.0
2019-11-27 15:18:00,199.61,199.7,199.58,199.66,38309.0
2019-11-27 15:17:00,199.74,199.77,199.61,199.61,32906.0
2019-11-27 15:16:00,199.72,199.77,199.705,199.76,31472.0
2019-11-27 15:15:00,199.85,199.85,199.69,199.7,29462.0
2019-11-27 15:14:00,199.87,199.895,199.79,199.85,23406.0
2019-11-27 15:13:00,199.8401,199.9,199.7901,199.87,40520.0
2019-11-27 15:12:00,199.7,199.87,199.7,199.86,37124.0
2019-11-27 15:11:00,199.6,199.7,199.6,199.7,29285.0
2019-11-27 15:10:00,199.6166,199.66,199.59,199.6,30959.0
2019-11-27 15:09:00,199.607,199.6201,199.57,199.61,43228.0
2019-11-27 15:08:00,199.6304,199.67,199.605,199.605,24007.0
2019-11-27 15:07:00,199.655,199.68,199.59,199.62,28955.0
2019-11-27 15:06:00,199.8,199.8,199.65,199.65,24309.0
2019-11-27 15:05:00,199.858,199.88,199.78,199.8041,18068.0
2019-11-27 15:04:00,199.74,199.89,199.7,199.86,28361.0
2019-11-27 15:03:00,199.725,199.87,199.72,199.72,25498.0
2019-11-27 15:02:00,199.68,199.77,199.66,199.74,21205.0
2019-11-27 15:01:00,199.85,199.85,199.64,199.67,40271.0
2019-11-27 15:00:00,199.85,199.92,199.85,199.85,24105.0
2019-11-27 14:59:00,199.9389,199.96,199.78,199.8443,52691.0
2019-11-27 14:58:00,199.975,200.0528,199.936,199.945,36575.0
2019-11-27 14:57:00,200.015,200.015,199.86,199.97,36880.0
2019-11-27 14:56:00,199.98,200.15,199.9773,200.01,51054.0
2019-11-27 14:55:00,199.9947,200.01,199.95,199.975,29064.0
2019-11-27 14:54:00,199.98,200.03,199.97,199.99,47988.0
2019-11-27 14:53:00,199.985,200.005,199.955,199.98,42756.0
2019-11-27 14:52:00,199.9672,200.0,199.95,199.985,86213.0
2019-11-27 14:51:00,199.93,199.98,199.91,199.96,32156.0
2019-11-27 14:50:00,199.81,199.93,199.8,199.93,32963.0
2019-11-27 14:49:00,199.86,199.87,199.77,199.81,27086.0
2019-11-27 14:48:00,199.8298,199.91,199.8298,199.84,36742.0
2019-11-27 14:47:00,199.83,199.83,199.8,199.83,10627.0
2019-11-27 14:46:00,199.84,199.92,199.83,199.84,15980.0
2019-11-27 14:45:00,199.8,199.89,199.8,199.85,12994.0
2019-11-27 14:44:00,199.8845,199.896,199.79,199.79,24350.0
2019-11-27 14:43:00,199.87,199.9,199.84,199.8909,10823.0
2019-11-27 14:42:00,199.84,199.9,199.82,199.85,23983.0
2019-11-27 14:41:00,199.8155,199.85,199.765,199.85,21129.0
2019-11-27 14:40:00,199.8103,199.87,199.81,199.82,16931.0
2019-11-27 14:39:00,199.88,199.885,199.77,199.81,56377.0
2019-11-27 14:38:00,199.86,199.9,199.8325,199.89,14695.0
2019-11-27 14:37:00,199.81,199.865,199.8,199.84,13214.0
2019-11-27 14:36:00,199.8509,199.89,199.77,199.82,24790.0
2019-11-27 14:35:00,199.92,199.92,199.81,199.845,23505.0
2019-11-27 14:34:00,199.895,199.9199,199.82,199.9199,22860.0
2019-11-27 14:33:00,199.976,199.99,199.9,199.91,26026.0
2019-11-27 14:32:00,199.91,199.99,199.89,199.99,28161.0
2019-11-27 14:31:00,199.84,199.92,199.79,199.89,116619.0
2019-11-27 14:30:00,199.785,199.88,199.7762,199.84,17339.0
2019-11-27 14:29:00,199.655,199.87,199.64,199.785,30180.0
2019-11-27 14:28:00,199.7459,199.78,199.65,199.66,35100.0
2019-11-27 14:27:00,199.642,199.76,199.64,199.7479,25839.0
2019-11-27 14:26:00,199.62,199.65,199.59,199.64,29976.0
2019-11-27 14:25:00,199.88,199.9,199.57,199.62,95914.0
2019-11-27 14:24:00,199.9801,200.0,199.82,199.88,28961.0
2019-11-27 14:23:00,199.92,200.0,199.9,200.0,29497.0
2019-11-27 14:22:00,199.8319,199.92,199.813,199.92,26310.0
2019-11-27 14:21:00,199.9041,199.92,199.79,199.84,35539.0
2019-11-27 14:20:00,199.92,200.01,199.89,199.8983,60608.0
2019-11-27 14:19:00,200.25,200.25,199.86,199.91,64790.0
2019-11-27 14:18:00,200.17,200.31,200.17,200.2699,45271.0
2019-11-27 14:17:00,200.15,200.217,200.08,200.15,38548.0
2019-11-27 14:16:00,200.16,200.25,200.125,200.15,61426.0
2019-11-27 14:15:00,200.015,200.2,200.015,200.17,42642.0
2019-11-27 14:14:00,200.11,200.15,200.0109,200.015,58136.0
2019-11-27 14:13:00,199.97,200.15,199.955,200.105,61607.0
2019-11-27 14:12:00,199.98,200.02,199.97,199.99,41258.0
2019-11-27 14:11:00,199.9672,200.0,199.92,199.97,37107.0
2019-11-27 14:10:00,200.0,200.0,199.95,199.97,28226.0
2019-11-27 14:09:00,199.98,200.02,199.96,200.01,67298.0
2019-11-27 14:08:00,199.97,200.02,199.94,199.99,73668.0
2019-11-27 14:07:00,200.01,200.03,199.94,199.9463,47699.0
2019-11-27 14:06:00,199.95,200.05,199.915,200.035,64576.0
2019-11-27 14:05:00,199.965,199.98,199.89,199.95,21888.0
2019-11-27 14:04:00,199.91,199.969,199.8976,199.969,31371.0
2019-11-27 14:03:00,199.86,199.905,199.78,199.9025,28076.0
2019-11-27 14:02:00,199.9079,199.95,199.85,199.85,19443.0
2019-11-27 14:01:00,199.95,199.97,199.905,199.91,19855.0
2019-11-27 14:00:00,199.82,199.97,199.8,199.96,17695.0
2019-11-27 13:59:00,199.79,199.85,199.79,199.83,31421.0
2019-11-27 13:58:00,199.88,199.88,199.74,199.8,51635.0
2019-11-27 13:57:00,199.84,199.89,199.83,199.86,21447.0
2019-11-27 13:56:00,199.97,199.9824,199.8,199.84,52820.0
2019-11-27 13:55:00,200.06,200.07,199.97,199.97,37239.0
2019-11-27 13:54:00,200.0486,200.13,199.99,200.0624,48374.0
2019-11-27 13:53:00,199.92,200.09,199.92,200.05,46168.0
2019-11-27 13:52:00,199.8301,200.07,199.8301,199.92,67959.0
2019-11-27 13:51:00,199.77,199.88,199.77,199.844,32791.0
2019-11-27 13:50:00,199.9835,199.9835,199.7,199.75,93769.0
2019-11-27 13:49:00,199.93,200.01,199.92,199.97,39033.0
2019-11-27 13:48:00,200.14,200.17,199.91,199.9271,107216.0
2019-11-27 13:47:00,200.17,200.18,200.096,200.1102,78837.0
2019-11-27 13:46:00,200.22,200.42,200.14,200.17,73321.0
2019-11-27 13:45:00,200.36,200.43,200.21,200.2202,69268.0
2019-11-27 13:44:00,200.41,200.43,200.29,200.35,92430.0
2019-11-27 13:43:00,200.33,200.47,200.3,200.41,52277.0
2019-11-27 13:42:00,200.72,200.7268,200.33,200.33,62364.0
2019-11-27 13:41:00,200.56,200.72,200.5513,200.7,21311.0
2019-11-27 13:40:00,200.61,200.66,200.51,200.5515,57313.0
2019-11-27 13:39:00,200.8,200.8,200.5,200.605,109610.0
2019-11-27 13:38:00,200.795,200.8,200.74,200.8,63108.0
2019-11-27 13:37:00,200.835,200.87,200.65,200.795,120212.0
2019-11-27 13:36:00,200.87,200.9,200.81,200.86,54642.0
2019-11-27 13:35:00,200.96,200.98,200.82,200.86,97190.0
2019-11-27 13:34:00,200.86,200.96,200.85,200.96,80080.0
2019-11-27 13:33:00,200.72,200.88,200.7,200.85,78712.0
2019-11-27 13:32:00,200.73,200.78,200.61,200.735,63345.0
2019-11-27 13:31:00,200.75,200.85,200.6886,200.72,111709.0
2019-11-27 13:30:00,200.52,200.79,200.52,200.75,71459.0
2019-11-27 13:29:00,200.608,200.9423,200.2016,200.533,193665.0
2019-11-27 13:28:00,200.47,200.59,200.415,200.59,95429.0
2019-11-27 13:27:00,200.4601,200.6,200.4,200.465,133158.0
2019-11-27 13:26:00,200.255,200.48,200.24,200.47,191654.0
2019-11-27 13:25:00,199.98,200.34,199.98,200.23,908170.0
2019-11-27 13:24:00,199.9972,200.0,199.95,199.98,38212.0
2019-11-27 13:23:00,199.99,200.0,199.98,199.995,62729.0
2019-11-27 13:22:00,199.98,200.0,199.975,199.99,59565.0
2019-11-27 13:21:00,199.96,199.99,199.96,199.98,29257.0
2019-11-27 13:20:00,199.88,199.98,199.88,199.96,49603.0
2019-11-27 13:19:00,199.83,199.87,199.83,199.87,43993.0
2019-11-27 13:18:00,199.95,199.95,199.81,199.8309,87900.0
2019-11-27 13:17:00,199.955,199.99,199.92,199.95,55838.0
2019-11-27 13:16:00,199.995,200.0,199.9,199.945,136920.0
2019-11-27 13:15:00,199.98,200.0,199.96,199.995,214069.0
2019-11-27 13:14:00,199.915,199.98,199.91,199.97,52573.0
2019-11-27 13:13:00,199.91,199.97,199.88,199.91,37031.0
2019-11-27 13:12:00,199.99,200.0,199.86,199.92,74128.0
2019-11-27 13:11:00,199.975,200.0,199.96,199.98,159975.0
2019-11-27 13:10:00,199.965,199.98,199.96,199.98,42731.0
2019-11-27 13:09:00,199.955,199.985,199.955,199.97,23040.0
2019-11-27 13:08:00,199.95,200.0,199.91,199.955,62383.0
2019-11-27 13:07:00,199.91,199.95,199.91,199.94,22621.0
2019-11-27 13:06:00,199.97,200.0,199.77,199.91,235494.0
2019-11-27 13:05:00,199.975,199.99,199.95,199.975,20965.0
2019-11-27 13:04:00,199.98,199.99,199.93,199.9678,70472.0
2019-11-27 13:03:00,199.975,199.99,199.96,199.98,53815.0
2019-11-27 13:02:00,199.9423,199.98,199.94,199.971,32961.0
2019-11-27 13:01:00,199.905,199.95,199.87,199.9308,16246.0
2019-11-27 13:00:00,199.93,199.95,199.9,199.9,17935.0
2019-11-27 12:59:00,199.93,199.95,199.91,199.94,15626.0
2019-11-27 12:58:00,199.91,199.94,199.88,199.93,36008.0
2019-11-27 12:57:00,199.95,199.98,199.86,199.91,69878.0
2019-11-27 12:56:00,199.9744,199.98,199.8814,199.95,42453.0
2019-11-27 12:55:00,199.94,199.98,199.94,199.97,59133.0
2019-11-27 12:54:00,199.92,199.98,199.91,199.95,85692.0
2019-11-27 12:53:00,199.88,199.95,199.88,199.91,55823.0
2019-11-27 12:52:00,199.89,199.91,199.87,199.88,88279.0
2019-11-27 12:51:00,199.8899,199.9,199.87,199.895,30389.0
2019-11-27 12:50:00,199.89,199.9,199.86,199.88,44164.0
2019-11-27 12:49:00,199.86,199.94,199.86,199.9,45805.0
2019-11-27 12:48:00,199.82,199.8812,199.82,199.87,22747.0
2019-11-27 12:47:00,199.9,199.9,199.82,199.825,33944.0
2019-11-27 12:46:00,199.83,199.89,199.78,199.88,29927.0
2019-11-27 12:45:00,199.84,199.92,199.79,199.83,35650.0
2019-11-27 12:44:00,199.88,199.8846,199.75,199.84,64597.0
2019-11-27 12:43:00,199.93,199.96,199.85,199.89,51381.0
2019-11-27 12:42:00,199.91,199.95,199.91,199.9301,44502.0
2019-11-27 12:41:00,199.879,199.94,199.87,199.92,107202.0
2019-11-27 12:40:00,199.85,199.88,199.83,199.88,67436.0
2019-11-27 12:39:00,199.89,199.89,199.84,199.86,41449.0
2019-11-27 12:38:00,199.86,199.89,199.83,199.88,96094.0
2019-11-27 12:37:00,199.75,199.88,199.7434,199.862,24861.0
2019-11-27 12:36:00,199.77,199.88,199.745,199.75,141112.0
2019-11-27 12:35:00,199.78,199.79,199.74,199.77,56698.0
2019-11-27 12:34:00,199.74,199.8,199.72,199.7771,58230.0
2019-11-27 12:33:00,199.67,199.74,199.64,199.72,35140.0
2019-11-27 12:32:00,199.76,199.79,199.6658,199.6658,60906.0
2019-11-27 12:31:00,199.6,199.76,199.59,199.75,69769.0
2019-11-27 12:30:00,199.6309,199.7,199.52,199.6,96883.0
2019-11-27 12:29:00,199.56,199.65,199.5,199.61,76743.0
2019-11-27 12:28:00,199.425,199.552,199.42,199.552,174488.0
2019-11-27 12:27:00,199.4,199.46,199.39,199.4279,36335.0
2019-11-27 12:26:00,199.37,199.41,199.33,199.39,21735.0
2019-11-27 12:25:00,199.2611,199.3851,199.2611,199.36,37233.0
2019-11-27 12:24:00,199.2083,199.27,199.2,199.26,33001.0
2019-11-27 12:23:00,199.31,199.33,199.2,199.205,33742.0
2019-11-27 12:22:00,199.38,199.38,199.23,199.3,22768.0
2019-11-27 12:21:00,199.3623,199.43,199.32,199.37,40138.0
2019-11-27 12:20:00,199.34,199.38,199.32,199.365,30026.0
2019-11-27 12:19:00,199.248,199.38,199.14,199.34,29343.0
2019-11-27 12:18:00,199.45,199.45,199.21,199.24,75891.0
2019-11-27 12:17:00,199.445,199.46,199.43,199.455,27737.0
2019-11-27 12:16:00,199.45,199.4565,199.42,199.4439,30264.0
2019-11-27 12:15:00,199.351,199.46,199.3178,199.44,45887.0
2019-11-27 12:14:00,199.45,199.46,199.3,199.36,53045.0
2019-11-27 12:13:00,199.39,199.45,199.38,199.44,162086.0
2019-11-27 12:12:00,199.3247,199.4,199.24,199.38,35442.0
2019-11-27 12:11:00,199.38,199.39,199.25,199.3,31033.0
2019-11-27 12:10:00,199.37,199.4,199.33,199.38,39355.0
2019-11-27 12:09:00,199.419,199.45,199.37,199.38,39490.0
2019-11-27 12:08:00,199.13,199.45,199.13,199.41,101362.0
2019-11-27 12:07:00,199.2,199.32,199.12,199.1202,57426.0
2019-11-27 12:06:00,199.26,199.26,199.22,199.22,110419.0
2019-11-27 12:04:00,199.4265,199.4636,199.3999,199.43,35297.0
2019-11-27 12:03:00,199.3465,199.43,199.31,199.42,57290.0
2019-11-27 12:02:00,199.34,199.38,199.33,199.3449,82115.0
2019-11-27 12:00:00,199.31,199.38,199.24,199.34,39571.0
2019-11-27 11:59:00,199.35,199.35,199.24,199.31,46760.0
2019-11-27 11:58:00,199.2207,199.4,199.2,199.36,114732.0
2019-11-27 11:57:00,199.14,199.23,199.1316,199.21,80225.0
2019-11-27 11:56:00,199.08,199.19,199.08,199.1413,43411.0
2019-11-27 11:55:00,199.07,199.15,198.98,199.09,86534.0
2019-11-27 11:54:00,199.15,199.19,199.04,199.05,68513.0
2019-11-27 11:53:00,199.17,199.19,199.145,199.15,55794.0
2019-11-27 11:52:00,199.1002,199.19,199.1001,199.17,36892.0
2019-11-27 11:51:00,199.12,199.16,199.06,199.11,57456.0
2019-11-27 11:50:00,199.05,199.17,199.01,199.1,80535.0
2019-11-27 11:49:00,199.16,199.17,199.01,199.03,99132.0
2019-11-27 11:48:00,199.015,199.19,199.015,199.165,92055.0
2019-11-27 11:47:00,198.9832,199.02,198.96,199.01,64509.0
2019-11-27 11:46:00,198.896,199.1,198.89,198.99,305825.0
2019-11-27 11:45:00,198.83,198.96,198.78,198.9,92844.0
2019-11-27 11:44:00,198.74,198.85,198.735,198.83,181145.0
2019-11-27 11:43:00,198.7707,198.83,198.6,198.74,56491.0
2019-11-27 11:42:00,198.78,198.82,198.75,198.7633,30841.0
2019-11-27 11:41:00,198.76,198.82,198.68,198.77,49458.0
2019-11-27 11:40:00,198.8399,198.8399,198.68,198.73,63259.0
2019-11-27 11:39:00,198.81,198.85,198.75,198.832,36830.0
2019-11-27 11:38:00,198.84,198.85,198.78,198.81,57154.0
2019-11-27 11:37:00,198.48,198.85,198.48,198.83,127964.0
2019-11-27 11:36:00,198.48,198.48,198.48,198.48,48234.0
2019-11-27 11:35:00,198.42,198.58,198.42,198.465,307668.0
2019-11-27 11:31:00,198.41,198.4101,198.41,198.4101,417.0
2019-11-27 11:30:00,198.3924,198.42,198.34,198.42,17339.0
2019-11-27 11:29:00,198.45,198.46,198.36,198.36,27234.0
2019-11-27 11:28:00,198.45,198.46,198.39,198.454,29561.0
2019-11-27 11:27:00,198.27,198.48,198.25,198.44,34510.0
2019-11-27 11:26:00,198.45,198.46,198.2111,198.29,102675.0
2019-11-27 11:25:00,198.4162,198.47,198.4162,198.46,34463.0
2019-11-27 11:24:00,198.4357,198.47,198.37,198.42,35370.0
2019-11-27 11:23:00,198.35,198.45,198.3,198.45,62631.0
2019-11-27 11:22:00,198.2632,198.35,198.23,198.34,48454.0
2019-11-27 11:21:00,198.28,198.3,198.21,198.26,41590.0
2019-11-27 11:20:00,198.31,198.34,198.25,198.285,31834.0
2019-11-27 11:19:00,198.2874,198.32,198.26,198.31,31609.0
2019-11-27 11:18:00,198.31,198.325,198.26,198.28,36311.0
2019-11-27 11:17:00,198.285,198.35,198.285,198.31,33739.0
2019-11-27 11:16:00,198.18,198.29,198.13,198.279,37980.0
2019-11-27 11:15:00,198.15,198.22,198.13,198.18,38229.0
2019-11-27 11:14:00,198.1527,198.17,198.1,198.15,26720.0
2019-11-27 11:13:00,198.19,198.2,198.13,198.15,21189.0
2019-11-27 11:12:00,198.11,198.19,198.09,198.18,23993.0
2019-11-27 11:11:00,198.02,198.13,197.91,198.11,38273.0
2019-11-27 11:10:00,198.22,198.22,198.02,198.03,33857.0
2019-11-27 11:09:00,198.2738,198.35,198.2,198.23,41777.0
2019-11-27 11:08:00,198.3,198.31,198.15,198.28,33917.0
2019-11-27 11:07:00,198.25,198.3,198.22,198.3,112089.0
2019-11-27 11:05:00,197.995,198.02,197.98,198.02,56179.0
2019-11-27 11:03:00,197.95,197.99,197.86,197.86,18990.0
2019-11-27 11:02:00,197.982,198.05,197.95,197.97,42968.0
2019-11-27 11:01:00,197.79,198.05,197.785,197.9989,80443.0
2019-11-27 11:00:00,197.82,197.89,197.73,197.79,54850.0
2019-11-27 10:59:00,197.82,197.89,197.77,197.85,34401.0
2019-11-27 10:58:00,197.99,198.069,197.81,197.825,43105.0
2019-11-27 10:57:00,197.87,198.08,197.87,197.98,40795.0
2019-11-27 10:56:00,197.8433,197.88,197.7,197.8787,94260.0
2019-11-27 10:55:00,197.91,197.925,197.8,197.84,46462.0
2019-11-27 10:54:00,198.0,198.17,197.91,197.91,32184.0
2019-11-27 10:53:00,198.1,198.1,197.98,198.01,31975.0
2019-11-27 10:52:00,198.085,198.11,198.0,198.11,34472.0
2019-11-27 10:51:00,198.18,198.18,197.99,198.08,39348.0
2019-11-27 10:50:00,198.19,198.22,198.08,198.18,29035.0
2019-11-27 10:49:00,198.21,198.2667,198.08,198.2,143446.0
2019-11-27 10:48:00,197.95,198.2323,197.95,198.1932,40787.0
2019-11-27 10:47:00,197.88,198.04,197.86,197.955,45635.0
2019-11-27 10:46:00,197.9,198.0,197.82,197.88,45390.0
2019-11-27 10:45:00,197.97,197.97,197.81,197.89,74119.0
2019-11-27 10:44:00,197.965,198.0193,197.93,197.96,40965.0
2019-11-27 10:43:00,197.96,197.98,197.91,197.965,35262.0
2019-11-27 10:42:00,197.96,197.99,197.8,197.94,90563.0
2019-11-27 10:41:00,198.02,198.09,197.945,197.95,53115.0
2019-11-27 10:40:00,198.11,198.13,197.95,198.02,107284.0
2019-11-27 10:39:00,198.18,198.25,198.07,198.12,59966.0
2019-11-27 10:38:00,198.11,198.21,198.06,198.1757,33788.0
2019-11-27 10:37:00,198.1,198.16,198.04,198.1199,46520.0
2019-11-27 10:36:00,198.09,198.1101,198.0,198.11,74330.0
2019-11-27 10:35:00,198.3437,198.37,198.09,198.1,47322.0
2019-11-27 10:34:00,198.35,198.375,198.23,198.34,40758.0
2019-11-27 10:33:00,198.415,198.415,198.31,198.36,66871.0
2019-11-27 10:32:00,198.35,198.42,198.26,198.415,59017.0
2019-11-27 10:31:00,198.46,198.48,198.3,198.3201,71469.0
2019-11-27 10:30:00,198.37,198.478,198.32,198.46,34727.0
2019-11-27 10:29:00,198.3972,198.44,198.32,198.38,33396.0
2019-11-27 10:28:00,198.48,198.48,198.31,198.39,57743.0
2019-11-27 10:27:00,198.47,198.49,198.42,198.47,58187.0
2019-11-27 10:26:00,198.4199,198.5,198.41,198.46,181384.0
2019-11-27 10:25:00,198.2601,198.42,198.2,198.4199,71361.0
2019-11-27 10:24:00,198.39,198.43,198.27,198.3,50097.0
2019-11-27 10:23:00,198.36,198.46,198.33,198.4,48425.0
2019-11-27 10:22:00,198.32,198.47,198.315,198.39,86239.0
2019-11-27 10:21:00,197.96,198.32,197.96,198.315,59313.0
2019-11-27 10:20:00,197.82,198.03,197.8,197.96,70034.0
2019-11-27 10:19:00,198.0605,198.075,197.76,197.8,88281.0
2019-11-27 10:18:00,198.16,198.18,198.0,198.0661,59078.0
2019-11-27 10:17:00,198.0408,198.21,198.03,198.14,56168.0
2019-11-27 10:16:00,198.24,198.24,197.99,198.04,66179.0
2019-11-27 10:15:00,198.22,198.37,198.14,198.28,78392.0
2019-11-27 10:14:00,198.17,198.3,198.15,198.22,43007.0
2019-11-27 10:13:00,198.0329,198.4599,198.0102,198.1779,87438.0
2019-11-27 10:12:00,198.345,198.345,197.96,198.02,68866.0
2019-11-27 10:11:00,198.18,198.4,198.14,198.3514,60263.0
2019-11-27 10:10:00,198.06,198.29,198.04,198.1935,62756.0
2019-11-27 10:09:00,198.51,198.51,197.96,198.06,110190.0
2019-11-27 10:08:00,198.36,198.59,198.3,198.51,97461.0
2019-11-27 10:07:00,198.3299,198.5301,198.28,198.36,100346.0
2019-11-27 10:06:00,198.54,198.57,198.3091,198.315,157088.0
2019-11-27 10:05:00,198.423,198.56,198.28,198.5246,170555.0
2019-11-27 10:04:00,197.83,198.49,197.8,198.4421,261347.0
2019-11-27 10:03:00,197.73,197.97,197.73,197.82,67645.0
2019-11-27 10:02:00,197.85,197.99,197.69,197.72,109491.0
2019-11-27 10:01:00,197.75,197.95,197.71,197.84,183589.0
2019-11-27 10:00:00,197.555,197.75,197.555,197.75,86137.0
2019-11-27 09:59:00,197.43,197.67,197.41,197.5491,76155.0
2019-11-27 09:58:00,197.355,197.55,197.345,197.45,103413.0
2019-11-27 09:57:00,197.06,197.37,197.05,197.35,74104.0
2019-11-27 09:56:00,197.07,197.16,197.01,197.06,112758.0
2019-11-27 09:55:00,197.05,197.3,197.02,197.05,131233.0
2019-11-27 09:54:00,197.35,197.4,197.01,197.03,131224.0
2019-11-27 09:53:00,197.335,197.42,197.21,197.37,116006.0
2019-11-27 09:52:00,197.61,197.68,197.2648,197.335,173928.0
2019-11-27 09:51:00,197.75,197.75,197.51,197.61,80354.0
2019-11-27 09:50:00,197.69,197.78,197.65,197.72,91948.0
2019-11-27 09:49:00,197.66,197.75,197.61,197.69,271801.0
2019-11-27 09:48:00,197.6,197.75,197.5401,197.65,139238.0
2019-11-27 09:47:00,197.68,197.77,197.505,197.5709,126300.0
2019-11-27 09:46:00,197.205,197.72,197.19,197.65,96338.0
2019-11-27 09:45:00,197.29,197.3213,197.05,197.2197,181996.0
2019-11-27 09:44:00,197.35,197.57,197.26,197.27,229753.0
2019-11-27 09:43:00,197.57,197.59,197.26,197.365,200653.0
2019-11-27 09:42:00,198.0725,198.09,197.51,197.5784,251779.0
2019-11-27 09:41:00,198.34,198.52,197.95,198.0406,175008.0
2019-11-27 09:40:00,198.2464,198.6231,198.2127,198.3464,179320.0
2019-11-27 09:39:00,198.82,198.82,198.09,198.2175,253291.0
2019-11-27 09:38:00,198.6,198.84,198.58,198.8,144765.0
2019-11-27 09:37:00,198.9574,199.0,198.51,198.63,380364.0
2019-11-27 09:36:00,198.26,198.96,198.26,198.94,384383.0
2019-11-27 09:35:00,198.45,198.62,198.08,198.3,238353.0
2019-11-27 09:34:00,197.77,198.48,197.66,198.46,364023.0
2019-11-27 09:33:00,197.65,197.97,197.5806,197.778,210336.0
2019-11-27 09:32:00,197.62,198.4,197.57,197.66,524481.0
2019-11-27 09:31:00,197.2464,197.9624,197.1917,197.6564,2781426.0
